latitude,longitude,altitude_m
48.1368841,11.5757208,517.03
48.1368877,11.5757191,517.063
48.1368913,11.5757212,517.122
48.1368949,11.5757236,517.106
48.1368985,11.5757189,517.111
48.1369022,11.5757189,517.106
48.1369058,11.5757238,517.219
48.1369094,11.5757216,517.303
48.136913,11.5757182,517.269
48.1369167,11.575721,517.3
48.1369203,11.5757182,517.326
48.1369239,11.5757182,517.339
48.1369275,11.5757201,517.344
48.1369312,11.5757143,517.383
48.1369348,11.5757148,517.383
48.1369384,11.575718,517.409
48.136942,11.5757168,517.386
48.1369457,11.5757203,517.487
48.1369493,11.575717,517.463
48.1369529,11.5757157,517.432
48.1369565,11.5757234,517.533
48.1369601,11.5757189,517.475
48.1369638,11.5757197,517.483
48.1369674,11.5757157,517.474
48.136971,11.575718,517.469
48.1369746,11.5757198,517.558
48.1369783,11.5757164,517.482
48.1369819,11.5757205,517.535
48.1369855,11.5757179,517.507
48.1369891,11.5757187,517.583
48.1369928,11.5757179,517.589
48.1369964,11.5757245,517.632
48.137,11.5757195,517.595
48.1370036,11.5757166,517.588
48.1370073,11.5757217,517.677
48.1370109,11.5757162,517.628
48.1370145,11.5757201,517.687
48.1370181,11.5757142,517.631
48.1370217,11.5757159,517.685
48.1370254,11.57572,517.753
48.137029,11.5757215,517.752
48.1370326,11.57572,517.725
48.1370362,11.5757192,517.753
48.1370399,11.5757187,517.748
48.1370435,11.5757155,517.75
48.1370471,11.5757176,517.763
48.1370507,11.5757183,517.784
48.1370544,11.5757223,517.83
48.137058,11.5757204,517.795
48.1370616,11.5757147,517.775
48.1370652,11.5757204,517.807
48.1370688,11.5757185,517.802
48.1370725,11.5757177,517.822
48.1370761,11.5757211,517.894
48.1370797,11.5757223,517.881
48.1370833,11.575722,517.934
48.137087,11.5757172,517.905
48.1370906,11.5757187,517.865
48.1370942,11.5757204,517.965
48.1370978,11.5757221,517.991
48.1371015,11.5757182,517.928
48.1371051,11.575719,517.987
48.1371087,11.5757165,517.947
48.1371123,11.5757163,517.986
48.137116,11.5757217,517.987
48.1371196,11.5757232,517.991
48.1371232,11.5757193,518.025
48.1371268,11.5757222,518.061
48.1371304,11.5757205,518.055
48.1371341,11.5757178,518.028
48.1371377,11.5757205,518.079
48.1371413,11.5757236,518.129
48.1371449,11.5757194,518.108
48.1371486,11.5757237,518.15
48.1371522,11.5757124,518.075
48.1371558,11.5757217,518.193
48.1371594,11.5757197,518.124
48.1371631,11.5757187,518.18
48.1371667,11.5757197,518.219
48.1371703,11.5757141,518.179
48.1371739,11.5757189,518.197
48.1371776,11.5757205,518.208
48.1371812,11.5757235,518.284
48.1371848,11.5757181,518.192
48.1371884,11.5757173,518.214
48.137192,11.5757181,518.247
48.1371957,11.575722,518.33
48.1371993,11.5757204,518.307
48.1372029,11.5757181,518.266
48.1372065,11.5757209,518.313
48.1372102,11.5757198,518.31
48.1372138,11.5757221,518.332
48.1372174,11.5757176,518.37
48.137221,11.5757186,518.317
48.1372247,11.5757184,518.418
48.1372283,11.5757155,518.391
48.1372319,11.5757203,518.437
48.1372355,11.5757202,518.402
48.1372392,11.5757195,518.419
48.1372428,11.5757189,518.39
48.1372464,11.5757157,518.411
48.13725,11.5757184,518.469
48.1372536,11.5757186,518.506
48.1372573,11.5757173,518.439
48.1372609,11.5757191,518.483
48.1372645,11.5757206,518.51
48.1372681,11.5757246,518.507
48.1372718,11.57572,518.553
48.1372754,11.5757202,518.527
48.137279,11.5757193,518.55
48.1372826,11.5757143,518.527
48.1372863,11.5757194,518.557
48.1372899,11.5757197,518.594
48.1372935,11.5757261,518.635
48.1372971,11.575719,518.603
48.1373007,11.5757203,518.612
48.1373044,11.5757194,518.65
48.137308,11.5757163,518.686
48.1373116,11.5757226,518.687
48.1373152,11.5757215,518.719
48.1373189,11.5757216,518.66
48.1373225,11.575717,518.693
48.1373261,11.5757233,518.702
48.1373297,11.5757157,518.661
48.1373334,11.5757211,518.724
48.137337,11.5757254,518.818
48.1373406,11.5757168,518.776
48.1373442,11.575718,518.773
48.1373479,11.5757198,518.742
48.1373515,11.5757181,518.785
48.1373551,11.5757153,518.797
48.1373587,11.5757197,518.829
48.1373623,11.5757166,518.764
48.137366,11.5757208,518.827
48.1373696,11.575717,518.843
48.1373732,11.5757237,518.91
48.1373768,11.5757174,518.805
48.1373805,11.5757186,518.885
48.1373841,11.5757217,518.923
48.1373877,11.5757162,518.926
48.1373913,11.5757201,518.955
48.137395,11.575723,518.98
48.1373986,11.5757152,518.908
48.1374022,11.57572,518.913
48.1374058,11.5757202,518.972
48.1374095,11.5757216,519.033
48.1374131,11.5757162,519.027
48.1374167,11.5757159,519.018
48.1374203,11.5757209,519.049
48.1374239,11.5757203,519.056
48.1374239,11.5757539,519.209
48.1374203,11.5757541,519.212
48.1374167,11.5757514,519.239
48.1374131,11.5757538,519.161
48.1374095,11.575754,519.227
48.1374058,11.5757513,519.142
48.1374022,11.5757582,519.217
48.1373986,11.5757545,519.103
48.137395,11.57575,519.126
48.1373913,11.575755,519.101
48.1373877,11.5757506,519.045
48.1373841,11.5757553,519.107
48.1373805,11.5757563,519.124
48.1373768,11.575751,519.028
48.1373732,11.5757558,519.022
48.1373696,11.5757543,519.044
48.137366,11.5757554,519.038
48.1373623,11.5757583,519.061
48.1373587,11.5757525,519.03
48.1373551,11.5757512,518.98
48.1373515,11.5757508,519.024
48.1373479,11.575751,518.964
48.1373442,11.575753,518.945
48.1373406,11.5757541,518.901
48.137337,11.5757539,518.929
48.1373334,11.5757554,518.922
48.1373297,11.5757532,518.937
48.1373261,11.5757571,518.931
48.1373225,11.5757525,518.845
48.1373189,11.5757605,518.916
48.1373152,11.5757549,518.889
48.1373116,11.5757509,518.881
48.137308,11.5757503,518.847
48.1373044,11.5757545,518.854
48.1373007,11.5757526,518.81
48.1372971,11.5757551,518.822
48.1372935,11.5757545,518.832
48.1372899,11.575753,518.734
48.1372863,11.5757509,518.741
48.1372826,11.5757491,518.706
48.137279,11.575752,518.744
48.1372754,11.5757555,518.776
48.1372718,11.5757538,518.7
48.1372681,11.5757498,518.613
48.1372645,11.5757537,518.681
48.1372609,11.5757542,518.712
48.1372573,11.5757508,518.67
48.1372536,11.5757536,518.67
48.13725,11.5757534,518.635
48.1372464,11.5757501,518.576
48.1372428,11.5757542,518.639
48.1372392,11.5757547,518.589
48.1372355,11.5757561,518.675
48.1372319,11.575756,518.615
48.1372283,11.5757495,518.533
48.1372247,11.5757507,518.526
48.137221,11.5757546,518.551
48.1372174,11.5757546,518.534
48.1372138,11.5757546,518.563
48.1372102,11.5757636,518.571
48.1372065,11.5757547,518.484
48.1372029,11.5757563,518.559
48.1371993,11.5757558,518.489
48.1371957,11.575755,518.494
48.137192,11.5757524,518.427
48.1371884,11.5757552,518.459
48.1371848,11.5757511,518.423
48.1371812,11.5757526,518.353
48.1371776,11.5757519,518.454
48.1371739,11.5757534,518.429
48.1371703,11.5757594,518.398
48.1371667,11.5757482,518.305
48.1371631,11.5757551,518.373
48.1371594,11.5757489,518.32
48.1371558,11.5757519,518.332
48.1371522,11.5757561,518.338
48.1371486,11.5757534,518.32
48.1371449,11.5757503,518.32
48.1371413,11.5757513,518.287
48.1371377,11.575755,518.246
48.1371341,11.5757512,518.286
48.1371304,11.5757538,518.296
48.1371268,11.5757533,518.327
48.1371232,11.5757514,518.177
48.1371196,11.575759,518.246
48.137116,11.5757549,518.142
48.1371123,11.5757477,518.171
48.1371087,11.5757537,518.158
48.1371051,11.5757514,518.208
48.1371015,11.5757555,518.136
48.1370978,11.5757511,518.073
48.1370942,11.5757529,518.107
48.1370906,11.5757546,518.059
48.137087,11.5757555,518.134
48.1370833,11.57575,518.008
48.1370797,11.5757523,518.071
48.1370761,11.5757519,517.994
48.1370725,11.5757514,518.032
48.1370688,11.575758,518.113
48.1370652,11.5757543,518.043
48.1370616,11.5757498,517.97
48.137058,11.5757557,518.015
48.1370544,11.5757589,518.021
48.1370507,11.575756,518.007
48.1370471,11.5757491,517.903
48.1370435,11.5757519,517.965
48.1370399,11.5757566,517.879
48.1370362,11.5757513,517.901
48.1370326,11.5757544,517.91
48.137029,11.5757553,517.936
48.1370254,11.5757507,517.881
48.1370217,11.575753,517.839
48.1370181,11.5757445,517.793
48.1370145,11.5757504,517.849
48.1370109,11.5757525,517.839
48.1370073,11.5757498,517.798
48.1370036,11.5757576,517.83
48.137,11.5757493,517.809
48.1369964,11.575752,517.775
48.1369928,11.5757536,517.784
48.1369891,11.5757571,517.859
48.1369855,11.5757493,517.697
48.1369819,11.5757563,517.71
48.1369783,11.5757532,517.76
48.1369746,11.5757506,517.69
48.136971,11.5757544,517.709
48.1369674,11.5757537,517.679
48.1369638,11.5757516,517.671
48.1369601,11.5757534,517.724
48.1369565,11.5757522,517.681
48.1369529,11.5757535,517.676
48.1369493,11.575755,517.601
48.1369457,11.5757575,517.606
48.136942,11.5757499,517.501
48.1369384,11.575759,517.585
48.1369348,11.5757479,517.568
48.1369312,11.5757528,517.552
48.1369275,11.5757548,517.511
48.1369239,11.575754,517.485
48.1369203,11.5757515,517.424
48.1369167,11.5757526,517.422
48.136913,11.5757519,517.402
48.1369094,11.5757516,517.297
48.1369058,11.5757555,517.338
48.1369022,11.5757542,517.326
48.1368985,11.5757513,517.252
48.1368949,11.5757556,517.293
48.1368913,11.575754,517.34
48.1368877,11.5757554,517.26
48.1368841,11.5757549,517.275
48.1368841,11.5757847,517.455
48.1368877,11.5757854,517.478
48.1368913,11.5757889,517.502
48.1368949,11.5757886,517.484
48.1368985,11.5757869,517.433
48.1369022,11.5757872,517.473
48.1369058,11.5757904,517.535
48.1369094,11.5757853,517.493
48.136913,11.5757884,517.542
48.1369167,11.5757864,517.523
48.1369203,11.5757863,517.583
48.1369239,11.5757899,517.613
48.1369275,11.5757891,517.607
48.1369312,11.5757891,517.679
48.1369348,11.5757904,517.677
48.1369384,11.575787,517.705
48.136942,11.5757888,517.764
48.1369457,11.5757861,517.78
48.1369493,11.5757878,517.765
48.1369529,11.5757866,517.845
48.1369565,11.5757872,517.851
48.1369601,11.5757885,517.835
48.1369638,11.5757847,517.805
48.1369674,11.5757926,517.9
48.136971,11.5757842,517.861
48.1369746,11.5757836,517.888
48.1369783,11.57579,517.919
48.1369819,11.575789,517.877
48.1369855,11.5757886,517.935
48.1369891,11.5757886,517.95
48.1369928,11.5757869,517.981
48.1369964,11.5757845,517.941
48.137,11.5757871,518.038
48.1370036,11.5757851,517.932
48.1370073,11.5757895,518.064
48.1370109,11.5757865,518.014
48.1370145,11.5757847,518.049
48.1370181,11.575786,518.045
48.1370217,11.575788,518.099
48.1370254,11.5757854,518.052
48.137029,11.5757847,518.039
48.1370326,11.5757876,518.141
48.1370362,11.5757876,518.107
48.1370399,11.5757855,518.119
48.1370435,11.5757856,518.162
48.1370471,11.5757875,518.116
48.1370507,11.575783,518.153
48.1370544,11.5757831,518.13
48.137058,11.575785,518.166
48.1370616,11.5757863,518.191
48.1370652,11.5757878,518.163
48.1370688,11.5757909,518.213
48.1370725,11.5757892,518.281
48.1370761,11.5757865,518.265
48.1370797,11.5757869,518.25
48.1370833,11.5757842,518.258
48.137087,11.5757869,518.267
48.1370906,11.5757861,518.325
48.1370942,11.5757878,518.299
48.1370978,11.5757847,518.308
48.1371015,11.5757883,518.366
48.1371051,11.575791,518.335
48.1371087,11.5757866,518.394
48.1371123,11.575788,518.321
48.137116,11.5757888,518.432
48.1371196,11.5757858,518.368
48.1371232,11.5757875,518.393
48.1371268,11.5757869,518.353
48.1371304,11.5757872,518.409
48.1371341,11.5757848,518.392
48.1371377,11.575787,518.428
48.1371413,11.5757883,518.461
48.1371449,11.5757908,518.519
48.1371486,11.5757895,518.502
48.1371522,11.5757927,518.533
48.1371558,11.5757848,518.462
48.1371594,11.5757893,518.504
48.1371631,11.5757874,518.587
48.1371667,11.5757928,518.551
48.1371703,11.5757847,518.593
48.1371739,11.5757846,518.547
48.1371776,11.5757853,518.57
48.1371812,11.5757812,518.593
48.1371848,11.5757855,518.633
48.1371884,11.5757849,518.601
48.137192,11.5757873,518.617
48.1371957,11.5757878,518.642
48.1371993,11.575792,518.687
48.1372029,11.5757895,518.703
48.1372065,11.5757854,518.667
48.1372102,11.5757845,518.693
48.1372138,11.5757882,518.755
48.1372174,11.5757834,518.704
48.137221,11.5757919,518.758
48.1372247,11.5757901,518.706
48.1372283,11.5757856,518.662
48.1372319,11.5757823,518.747
48.1372355,11.5757906,518.788
48.1372392,11.5757866,518.767
48.1372428,11.5757902,518.821
48.1372464,11.5757826,518.784
48.13725,11.5757853,518.846
48.1372536,11.5757869,518.835
48.1372573,11.575787,518.823
48.1372609,11.5757857,518.88
48.1372645,11.5757886,518.871
48.1372681,11.575784,518.881
48.1372718,11.5757865,518.876
48.1372754,11.5757872,518.887
48.137279,11.5757883,518.927
48.1372826,11.5757888,518.939
48.1372863,11.5757839,518.94
48.1372899,11.5757828,518.923
48.1372935,11.5757904,518.928
48.1372971,11.5757878,518.969
48.1373007,11.5757849,519.003
48.1373044,11.5757911,519.014
48.137308,11.5757872,519.008
48.1373116,11.5757901,519.072
48.1373152,11.5757871,519.017
48.1373189,11.5757925,519.032
48.1373225,11.5757916,519.081
48.1373261,11.5757862,519.056
48.1373297,11.5757895,519.071
48.1373334,11.5757887,519.102
48.137337,11.5757906,519.144
48.1373406,11.5757843,519.108
48.1373442,11.5757888,519.153
48.1373479,11.5757898,519.216
48.1373515,11.5757822,519.123
48.1373551,11.5757837,519.162
48.1373587,11.5757814,519.139
48.1373623,11.5757862,519.165
48.137366,11.5757888,519.199
48.1373696,11.575791,519.225
48.1373732,11.5757871,519.243
48.1373768,11.5757913,519.336
48.1373805,11.5757832,519.214
48.1373841,11.5757823,519.231
48.1373877,11.5757868,519.277
48.1373913,11.5757879,519.309
48.137395,11.5757868,519.311
48.1373986,11.5757813,519.325
48.1374022,11.5757867,519.253
48.1374058,11.5757834,519.25
48.1374095,11.5757887,519.346
48.1374131,11.5757879,519.402
48.1374167,11.5757844,519.316
48.1374203,11.5757855,519.29
48.1374239,11.5757841,519.402
48.1374239,11.5758205,519.579
48.1374203,11.5758232,519.541
48.1374167,11.575818,519.505
48.1374131,11.575822,519.514
48.1374095,11.5758192,519.52
48.1374058,11.5758185,519.483
48.1374022,11.5758203,519.513
48.1373986,11.5758178,519.388
48.137395,11.5758191,519.443
48.1373913,11.5758174,519.414
48.1373877,11.5758259,519.471
48.1373841,11.5758207,519.424
48.1373805,11.5758187,519.442
48.1373768,11.5758212,519.363
48.1373732,11.5758203,519.403
48.1373696,11.57582,519.405
48.137366,11.5758223,519.443
48.1373623,11.5758227,519.363
48.1373587,11.5758192,519.358
48.1373551,11.5758191,519.281
48.1373515,11.5758199,519.255
48.1373479,11.5758144,519.313
48.1373442,11.5758165,519.286
48.1373406,11.5758243,519.349
48.137337,11.5758251,519.264
48.1373334,11.5758199,519.283
48.1373297,11.5758222,519.322
48.1373261,11.5758215,519.263
48.1373225,11.5758289,519.284
48.1373189,11.5758236,519.238
48.1373152,11.5758203,519.161
48.1373116,11.575818,519.226
48.137308,11.5758163,519.146
48.1373044,11.5758212,519.192
48.1373007,11.5758186,519.105
48.1372971,11.5758168,519.095
48.1372935,11.5758189,519.172
48.1372899,11.5758177,519.1
48.1372863,11.5758252,519.18
48.1372826,11.575823,519.111
48.137279,11.5758206,519.034
48.1372754,11.5758246,519.124
48.1372718,11.5758208,519.048
48.1372681,11.5758183,519.062
48.1372645,11.5758247,519.062
48.1372609,11.5758221,518.99
48.1372573,11.5758178,519.008
48.1372536,11.5758201,519.068
48.13725,11.5758183,518.996
48.1372464,11.5758169,518.96
48.1372428,11.5758231,519.013
48.1372392,11.5758258,518.989
48.1372355,11.5758168,518.932
48.1372319,11.5758221,518.907
48.1372283,11.5758189,518.918
48.1372247,11.5758193,518.933
48.137221,11.575819,518.863
48.1372174,11.5758183,518.915
48.1372138,11.5758208,518.87
48.1372102,11.5758184,518.822
48.1372065,11.5758213,518.881
48.1372029,11.5758205,518.826
48.1371993,11.57582,518.843
48.1371957,11.5758182,518.79
48.137192,11.5758191,518.79
48.1371884,11.5758227,518.812
48.1371848,11.575822,518.791
48.1371812,11.575818,518.69
48.1371776,11.5758209,518.719
48.1371739,11.5758226,518.777
48.1371703,11.5758161,518.7
48.1371667,11.5758221,518.706
48.1371631,11.5758188,518.653
48.1371594,11.5758222,518.666
48.1371558,11.5758186,518.607
48.1371522,11.5758158,518.639
48.1371486,11.5758162,518.614
48.1371449,11.5758208,518.614
48.1371413,11.5758213,518.632
48.1371377,11.5758182,518.617
48.1371341,11.5758223,518.678
48.1371304,11.5758161,518.526
48.1371268,11.5758204,518.616
48.1371232,11.5758174,518.583
48.1371196,11.5758189,518.525
48.137116,11.5758207,518.552
48.1371123,11.5758183,518.508
48.1371087,11.5758196,518.522
48.1371051,11.5758233,518.568
48.1371015,11.5758191,518.508
48.1370978,11.5758229,518.512
48.1370942,11.5758176,518.445
48.1370906,11.575822,518.424
48.137087,11.5758245,518.462
48.1370833,11.575814,518.439
48.1370797,11.5758185,518.368
48.1370761,11.5758222,518.389
48.1370725,11.5758201,518.402
48.1370688,11.5758216,518.364
48.1370652,11.575819,518.345
48.1370616,11.5758209,518.353
48.137058,11.5758202,518.309
48.1370544,11.5758238,518.327
48.1370507,11.5758213,518.353
48.1370471,11.5758215,518.281
48.1370435,11.5758195,518.251
48.1370399,11.5758193,518.266
48.1370362,11.5758195,518.296
48.1370326,11.5758217,518.267
48.137029,11.5758195,518.236
48.1370254,11.5758214,518.249
48.1370217,11.5758262,518.207
48.1370181,11.575823,518.246
48.1370145,11.5758197,518.214
48.1370109,11.5758239,518.199
48.1370073,11.5758195,518.208
48.1370036,11.5758151,518.11
48.137,11.5758179,518.179
48.1369964,11.5758156,518.126
48.1369928,11.5758197,518.12
48.1369891,11.5758207,518.122
48.1369855,11.5758251,518.129
48.1369819,11.5758215,518.138
48.1369783,11.57582,518.049
48.1369746,11.5758229,518.059
48.136971,11.5758147,518.059
48.1369674,11.5758213,518.026
48.1369638,11.5758227,518.06
48.1369601,11.5758166,518.038
48.1369565,11.5758237,517.983
48.1369529,11.5758215,517.982
48.1369493,11.5758195,517.893
48.1369457,11.5758223,517.929
48.136942,11.5758267,517.894
48.1369384,11.5758211,517.851
48.1369348,11.5758213,517.784
48.1369312,11.5758194,517.715
48.1369275,11.5758183,517.746
48.1369239,11.5758229,517.662
48.1369203,11.5758183,517.675
48.1369167,11.5758208,517.711
48.136913,11.5758193,517.673
48.1369094,11.5758219,517.74
48.1369058,11.5758215,517.714
48.1369022,11.5758234,517.685
48.1368985,11.5758192,517.685
48.1368949,11.5758199,517.697
48.1368913,11.575818,517.647
48.1368877,11.5758194,517.683
48.1368841,11.5758216,517.713
48.1368841,11.5758564,517.874
48.1368877,11.5758518,517.915
48.1368913,11.5758567,517.936
48.1368949,11.575858,517.901
48.1368985,11.5758554,517.944
48.1369022,11.5758594,517.974
48.1369058,11.5758522,517.902
48.1369094,11.575851,517.867
48.136913,11.5758495,517.876
48.1369167,11.5758584,517.93
48.1369203,11.5758561,517.899
48.1369239,11.5758542,517.854
48.1369275,11.5758551,517.898
48.1369312,11.5758513,517.92
48.1369348,11.5758609,517.926
48.1369384,11.5758547,518.006
48.136942,11.5758546,517.956
48.1369457,11.5758563,518.01
48.1369493,11.5758556,518.02
48.1369529,11.5758549,518.079
48.1369565,11.5758522,518.044
48.1369601,11.5758556,518.121
48.1369638,11.5758594,518.146
48.1369674,11.575858,518.203
48.136971,11.5758586,518.254
48.1369746,11.575853,518.24
48.1369783,11.5758517,518.161
48.1369819,11.575854,518.32
48.1369855,11.5758545,518.284
48.1369891,11.5758573,518.279
48.1369928,11.5758498,518.284
48.1369964,11.5758585,518.339
48.137,11.5758539,518.304
48.1370036,11.5758532,518.339
48.1370073,11.5758516,518.319
48.1370109,11.5758499,518.329
48.1370145,11.5758565,518.365
48.1370181,11.5758545,518.345
48.1370217,11.5758509,518.386
48.1370254,11.5758508,518.412
48.137029,11.5758534,518.434
48.1370326,11.5758588,518.482
48.1370362,11.5758536,518.454
48.1370399,11.5758503,518.424
48.1370435,11.5758537,518.493
48.1370471,11.5758536,518.439
48.1370507,11.5758471,518.433
48.1370544,11.5758542,518.478
48.137058,11.5758537,518.549
48.1370616,11.5758562,518.569
48.1370652,11.5758593,518.583
48.1370688,11.5758574,518.603
48.1370725,11.5758536,518.538
48.1370761,11.5758513,518.576
48.1370797,11.5758613,518.622
48.1370833,11.5758545,518.631
48.137087,11.5758544,518.613
48.1370906,11.5758543,518.617
48.1370942,11.5758549,518.66
48.1370978,11.5758539,518.677
48.1371015,11.5758528,518.637
48.1371051,11.5758529,518.668
48.1371087,11.5758542,518.657
48.1371123,11.5758529,518.619
48.137116,11.5758524,518.71
48.1371196,11.5758546,518.745
48.1371232,11.5758536,518.742
48.1371268,11.5758584,518.711
48.1371304,11.5758472,518.716
48.1371341,11.5758573,518.721
48.1371377,11.5758577,518.843
48.1371413,11.5758487,518.738
48.1371449,11.5758534,518.843
48.1371486,11.5758533,518.845
48.1371522,11.5758505,518.788
48.1371558,11.5758522,518.802
48.1371594,11.5758513,518.854
48.1371631,11.5758591,518.868
48.1371667,11.5758569,518.898
48.1371703,11.5758578,518.897
48.1371739,11.5758563,518.863
48.1371776,11.5758513,518.837
48.1371812,11.5758529,518.93
48.1371848,11.5758556,518.932
48.1371884,11.575851,518.922
48.137192,11.5758563,518.997
48.1371957,11.5758537,519.011
48.1371993,11.5758533,518.978
48.1372029,11.5758562,519.002
48.1372065,11.5758555,519.036
48.1372102,11.5758534,518.982
48.1372138,11.5758575,519.061
48.1372174,11.5758514,519.054
48.137221,11.575856,519.092
48.1372247,11.5758559,519.025
48.1372283,11.5758535,519.061
48.1372319,11.5758552,519.078
48.1372355,11.575851,519.098
48.1372392,11.5758568,519.15
48.1372428,11.5758538,519.178
48.1372464,11.5758529,519.126
48.13725,11.5758572,519.159
48.1372536,11.5758524,519.197
48.1372573,11.5758505,519.175
48.1372609,11.5758501,519.214
48.1372645,11.575856,519.225
48.1372681,11.5758509,519.169
48.1372718,11.5758591,519.216
48.1372754,11.5758487,519.171
48.137279,11.5758589,519.299
48.1372826,11.5758549,519.307
48.1372863,11.5758541,519.335
48.1372899,11.5758529,519.311
48.1372935,11.5758554,519.345
48.1372971,11.5758542,519.299
48.1373007,11.5758573,519.309
48.1373044,11.5758546,519.368
48.137308,11.5758547,519.368
48.1373116,11.5758533,519.364
48.1373152,11.5758542,519.388
48.1373189,11.5758552,519.403
48.1373225,11.5758497,519.418
48.1373261,11.5758507,519.435
48.1373297,11.5758563,519.452
48.1373334,11.5758548,519.466
48.137337,11.5758538,519.463
48.1373406,11.5758544,519.449
48.1373442,11.5758553,519.502
48.1373479,11.5758529,519.437
48.1373515,11.5758522,519.52
48.1373551,11.5758549,519.477
48.1373587,11.5758517,519.518
48.1373623,11.5758554,519.515
48.137366,11.5758497,519.541
48.1373696,11.5758571,519.571
48.1373732,11.5758556,519.529
48.1373768,11.575855,519.599
48.1373805,11.575857,519.591
48.1373841,11.5758588,519.655
48.1373877,11.5758571,519.633
48.1373913,11.5758494,519.619
48.137395,11.5758509,519.598
48.1373986,11.5758526,519.63
48.1374022,11.5758544,519.654
48.1374058,11.5758557,519.712
48.1374095,11.5758524,519.732
48.1374131,11.5758548,519.682
48.1374167,11.5758523,519.738
48.1374203,11.5758527,519.655
48.1374239,11.5758505,519.686
48.1374239,11.5758855,519.862
48.1374203,11.5758844,519.833
48.1374167,11.5758854,519.818
48.1374131,11.5758909,519.892
48.1374095,11.5758855,519.836
48.1374058,11.5758951,519.887
48.1374022,11.5758894,519.857
48.1373986,11.5758885,519.828
48.137395,11.5758857,519.815
48.1373913,11.5758899,519.801
48.1373877,11.5758865,519.739
48.1373841,11.5758884,519.803
48.1373805,11.5758949,519.773
48.1373768,11.5758878,519.716
48.1373732,11.5758911,519.743
48.1373696,11.5758861,519.685
48.137366,11.5758879,519.696
48.1373623,11.5758928,519.73
48.1373587,11.5758863,519.687
48.1373551,11.5758929,519.669
48.1373515,11.5758899,519.655
48.1373479,11.5758865,519.674
48.1373442,11.5758897,519.66
48.1373406,11.5758907,519.699
48.137337,11.5758897,519.656
48.1373334,11.5758838,519.615
48.1373297,11.5758861,519.537
48.1373261,11.5758874,519.596
48.1373225,11.5758878,519.562
48.1373189,11.5758897,519.544
48.1373152,11.5758885,519.547
48.1373116,11.5758844,519.539
48.137308,11.5758891,519.536
48.1373044,11.5758897,519.485
48.1373007,11.5758895,519.521
48.1372971,11.575891,519.474
48.1372935,11.5758903,519.485
48.1372899,11.5758893,519.452
48.1372863,11.5758878,519.436
48.1372826,11.5758836,519.433
48.137279,11.5758892,519.394
48.1372754,11.5758886,519.468
48.1372718,11.5758888,519.344
48.1372681,11.5758846,519.349
48.1372645,11.5758851,519.368
48.1372609,11.5758909,519.39
48.1372573,11.5758879,519.343
48.1372536,11.5758899,519.342
48.13725,11.5758881,519.335
48.1372464,11.5758881,519.304
48.1372428,11.5758906,519.352
48.1372392,11.5758866,519.305
48.1372355,11.5758883,519.302
48.1372319,11.5758868,519.227
48.1372283,11.5758869,519.242
48.1372247,11.5758872,519.225
48.137221,11.5758886,519.199
48.1372174,11.5758867,519.219
48.1372138,11.5758914,519.202
48.1372102,11.5758856,519.198
48.1372065,11.5758875,519.143
48.1372029,11.5758869,519.212
48.1371993,11.5758919,519.145
48.1371957,11.5758886,519.151
48.137192,11.5758908,519.166
48.1371884,11.575884,519.081
48.1371848,11.5758888,519.134
48.1371812,11.5758904,519.068
48.1371776,11.5758883,519.126
48.1371739,11.5758909,519.083
48.1371703,11.5758866,519.032
48.1371667,11.5758918,519.054
48.1371631,11.5758942,519.086
48.1371594,11.5758871,518.998
48.1371558,11.5758868,518.98
48.1371522,11.575892,519.008
48.1371486,11.5758923,518.969
48.1371449,11.5758866,519.02
48.1371413,11.5758869,518.938
48.1371377,11.5758873,518.969
48.1371341,11.5758844,518.925
48.1371304,11.5758856,518.883
48.1371268,11.5758853,518.899
48.1371232,11.575886,518.914
48.1371196,11.5758879,518.882
48.137116,11.5758887,518.914
48.1371123,11.5758922,518.914
48.1371087,11.5758853,518.866
48.1371051,11.5758907,518.838
48.1371015,11.5758875,518.792
48.1370978,11.5758879,518.796
48.1370942,11.5758899,518.818
48.1370906,11.575885,518.793
48.137087,11.5758891,518.719
48.1370833,11.5758885,518.769
48.1370797,11.5758894,518.766
48.1370761,11.5758888,518.738
48.1370725,11.5758947,518.801
48.1370688,11.5758863,518.723
48.1370652,11.5758866,518.739
48.1370616,11.5758864,518.68
48.137058,11.5758865,518.703
48.1370544,11.5758863,518.711
48.1370507,11.5758912,518.713
48.1370471,11.5758919,518.632
48.1370435,11.5758865,518.619
48.1370399,11.5758858,518.601
48.1370362,11.5758893,518.631
48.1370326,11.5758865,518.611
48.137029,11.5758897,518.569
48.1370254,11.5758886,518.578
48.1370217,11.575884,518.481
48.1370181,11.5758922,518.612
48.1370145,11.5758929,518.545
48.1370109,11.5758864,518.519
48.1370073,11.575887,518.498
48.1370036,11.5758888,518.538
48.137,11.5758889,518.406
48.1369964,11.5758898,518.48
48.1369928,11.5758935,518.479
48.1369891,11.5758876,518.427
48.1369855,11.5758859,518.468
48.1369819,11.5758843,518.364
48.1369783,11.5758861,518.399
48.1369746,11.5758879,518.368
48.136971,11.5758929,518.383
48.1369674,11.5758866,518.275
48.1369638,11.5758886,518.247
48.1369601,11.575888,518.266
48.1369565,11.5758912,518.221
48.1369529,11.5758949,518.143
48.1369493,11.5758866,518.118
48.1369457,11.5758867,518.121
48.136942,11.5758909,518.134
48.1369384,11.5758899,518.074
48.1369348,11.575893,518.02
48.1369312,11.5758896,518.104
48.1369275,11.5758871,518.041
48.1369239,11.5758896,518.042
48.1369203,11.575891,518.037
48.1369167,11.5758903,518.15
48.136913,11.5758894,518.132
48.1369094,11.5758909,518.137
48.1369058,11.5758912,518.19
48.1369022,11.5758918,518.17
48.1368985,11.5758898,518.186
48.1368949,11.5758876,518.079
48.1368913,11.5758884,518.117
48.1368877,11.5758913,518.076
48.1368841,11.5758858,518.081
48.1368841,11.5759227,518.256
48.1368877,11.5759207,518.285
48.1368913,11.5759218,518.284
48.1368949,11.5759252,518.328
48.1368985,11.5759223,518.326
48.1369022,11.5759219,518.376
48.1369058,11.5759181,518.289
48.1369094,11.5759238,518.305
48.136913,11.5759235,518.342
48.1369167,11.5759276,518.334
48.1369203,11.5759209,518.36
48.1369239,11.5759223,518.31
48.1369275,11.5759224,518.294
48.1369312,11.575926,518.311
48.1369348,11.5759215,518.308
48.1369384,11.5759225,518.28
48.136942,11.5759234,518.265
48.1369457,11.5759223,518.327
48.1369493,11.5759205,518.247
48.1369529,11.5759223,518.293
48.1369565,11.5759246,518.338
48.1369601,11.575919,518.273
48.1369638,11.5759221,518.375
48.1369674,11.5759199,518.355
48.136971,11.575925,518.458
48.1369746,11.5759176,518.419
48.1369783,11.5759202,518.508
48.1369819,11.5759228,518.558
48.1369855,11.575926,518.589
48.1369891,11.5759216,518.582
48.1369928,11.5759202,518.585
48.1369964,11.5759268,518.62
48.137,11.5759178,518.663
48.1370036,11.5759158,518.605
48.1370073,11.5759229,518.641
48.1370109,11.5759204,518.694
48.1370145,11.575919,518.657
48.1370181,11.5759237,518.686
48.1370217,11.5759224,518.678
48.1370254,11.5759202,518.709
48.137029,11.5759183,518.725
48.1370326,11.5759241,518.773
48.1370362,11.5759235,518.804
48.1370399,11.5759215,518.794
48.1370435,11.5759267,518.809
48.1370471,11.5759189,518.784
48.1370507,11.5759176,518.812
48.1370544,11.5759199,518.857
48.137058,11.5759216,518.843
48.1370616,11.5759224,518.841
48.1370652,11.5759211,518.831
48.1370688,11.5759227,518.837
48.1370725,11.5759184,518.893
48.1370761,11.5759256,518.936
48.1370797,11.5759215,518.929
48.1370833,11.5759248,518.934
48.137087,11.5759227,518.983
48.1370906,11.575923,518.94
48.1370942,11.5759233,518.996
48.1370978,11.575923,518.977
48.1371015,11.5759235,518.975
48.1371051,11.5759253,519.031
48.1371087,11.5759223,519.024
48.1371123,11.5759237,519.04
48.137116,11.5759215,519.034
48.1371196,11.5759256,519.062
48.1371232,11.5759199,519.12
48.1371268,11.5759266,519.126
48.1371304,11.5759216,519.102
48.1371341,11.5759179,519.079
48.1371377,11.5759221,519.137
48.1371413,11.5759199,519.124
48.1371449,11.575924,519.14
48.1371486,11.57592,519.124
48.1371522,11.5759205,519.145
48.1371558,11.5759167,519.047
48.1371594,11.5759205,519.178
48.1371631,11.5759152,519.145
48.1371667,11.5759175,519.23
48.1371703,11.5759238,519.224
48.1371739,11.5759239,519.2
48.1371776,11.5759229,519.242
48.1371812,11.5759191,519.207
48.1371848,11.5759216,519.276
48.1371884,11.5759217,519.283
48.137192,11.5759186,519.301
48.1371957,11.5759258,519.294
48.1371993,11.5759241,519.323
48.1372029,11.5759212,519.279
48.1372065,11.5759218,519.357
48.1372102,11.5759223,519.365
48.1372138,11.5759162,519.349
48.1372174,11.5759211,519.368
48.137221,11.5759199,519.388
48.1372247,11.575919,519.431
48.1372283,11.575921,519.396
48.1372319,11.5759266,519.446
48.1372355,11.5759235,519.407
48.1372392,11.5759202,519.411
48.1372428,11.5759233,519.466
48.1372464,11.5759255,519.519
48.13725,11.5759242,519.484
48.1372536,11.5759219,519.486
48.1372573,11.57592,519.484
48.1372609,11.5759236,519.509
48.1372645,11.5759228,519.542
48.1372681,11.5759242,519.507
48.1372718,11.5759235,519.599
48.1372754,11.5759246,519.558
48.137279,11.5759203,519.592
48.1372826,11.5759253,519.567
48.1372863,11.5759223,519.623
48.1372899,11.5759273,519.659
48.1372935,11.5759199,519.628
48.1372971,11.5759264,519.629
48.1373007,11.5759223,519.659
48.1373044,11.57592,519.618
48.137308,11.5759204,519.66
48.1373116,11.5759209,519.712
48.1373152,11.5759229,519.727
48.1373189,11.5759232,519.717
48.1373225,11.5759202,519.685
48.1373261,11.5759217,519.753
48.1373297,11.5759275,519.773
48.1373334,11.5759264,519.71
48.137337,11.5759229,519.799
48.1373406,11.5759218,519.782
48.1373442,11.5759221,519.832
48.1373479,11.5759234,519.781
48.1373515,11.575919,519.71
48.1373551,11.5759211,519.836
48.1373587,11.5759172,519.831
48.1373623,11.5759228,519.809
48.137366,11.5759235,519.845
48.1373696,11.5759204,519.955
48.1373732,11.575926,519.901
48.1373768,11.5759184,519.91
48.1373805,11.5759178,519.877
48.1373841,11.5759224,519.867
48.1373877,11.5759246,519.947
48.1373913,11.5759263,519.964
48.137395,11.5759205,519.946
48.1373986,11.5759247,519.985
48.1374022,11.5759216,519.995
48.1374058,11.5759213,519.993
48.1374095,11.5759241,519.985
48.1374131,11.5759235,520.046
48.1374167,11.5759175,519.958
48.1374203,11.5759257,520.005
48.1374239,11.5759255,520.099
48.1374239,11.5759538,520.22
48.1374203,11.5759565,520.203
48.1374167,11.5759568,520.152
48.1374131,11.5759562,520.158
48.1374095,11.575954,520.15
48.1374058,11.5759536,520.096
48.1374022,11.5759554,520.118
48.1373986,11.5759586,520.162
48.137395,11.5759569,520.165
48.1373913,11.5759545,520.087
48.1373877,11.5759575,520.124
48.1373841,11.5759478,519.988
48.1373805,11.5759586,520.101
48.1373768,11.5759508,520.01
48.1373732,11.5759545,520.048
48.1373696,11.5759524,520.01
48.137366,11.575952,520.043
48.1373623,11.5759586,519.995
48.1373587,11.5759542,520.008
48.1373551,11.5759564,519.979
48.1373515,11.5759553,519.966
48.1373479,11.5759567,519.959
48.1373442,11.5759557,519.922
48.1373406,11.575952,519.919
48.137337,11.5759581,519.933
48.1373334,11.5759541,519.912
48.1373297,11.5759513,519.882
48.1373261,11.5759543,519.905
48.1373225,11.5759595,519.92
48.1373189,11.5759577,519.841
48.1373152,11.5759545,519.872
48.1373116,11.5759545,519.798
48.137308,11.5759546,519.84
48.1373044,11.5759611,519.857
48.1373007,11.5759565,519.749
48.1372971,11.5759566,519.798
48.1372935,11.5759582,519.776
48.1372899,11.5759561,519.746
48.1372863,11.5759548,519.791
48.1372826,11.5759549,519.719
48.137279,11.5759553,519.704
48.1372754,11.5759554,519.719
48.1372718,11.5759574,519.734
48.1372681,11.5759556,519.689
48.1372645,11.5759574,519.725
48.1372609,11.5759552,519.684
48.1372573,11.5759557,519.592
48.1372536,11.5759501,519.605
48.13725,11.5759579,519.627
48.1372464,11.5759564,519.639
48.1372428,11.5759581,519.542
48.1372392,11.5759476,519.638
48.1372355,11.5759611,519.625
48.1372319,11.5759551,519.575
48.1372283,11.5759584,519.608
48.1372247,11.5759527,519.605
48.137221,11.5759571,519.567
48.1372174,11.5759526,519.538
48.1372138,11.5759538,519.504
48.1372102,11.5759606,519.506
48.1372065,11.5759549,519.462
48.1372029,11.575956,519.44
48.1371993,11.5759578,519.433
48.1371957,11.5759568,519.394
48.137192,11.5759559,519.414
48.1371884,11.5759564,519.349
48.1371848,11.5759619,519.39
48.1371812,11.5759553,519.363
48.1371776,11.575956,519.352
48.1371739,11.5759583,519.315
48.1371703,11.5759584,519.407
48.1371667,11.5759587,519.339
48.1371631,11.5759572,519.247
48.1371594,11.5759524,519.279
48.1371558,11.5759599,519.236
48.1371522,11.5759524,519.217
48.1371486,11.5759563,519.195
48.1371449,11.5759534,519.238
48.1371413,11.5759553,519.195
48.1371377,11.5759563,519.236
48.1371341,11.5759563,519.228
48.1371304,11.5759566,519.232
48.1371268,11.5759598,519.159
48.1371232,11.5759567,519.192
48.1371196,11.5759548,519.187
48.137116,11.5759581,519.152
48.1371123,11.5759587,519.137
48.1371087,11.5759521,519.184
48.1371051,11.5759571,519.149
48.1371015,11.5759573,519.153
48.1370978,11.5759547,519.091
48.1370942,11.5759592,519.086
48.1370906,11.5759551,519.079
48.137087,11.5759558,519.085
48.1370833,11.575955,519.042
48.1370797,11.5759555,519.064
48.1370761,11.5759525,518.989
48.1370725,11.5759516,518.99
48.1370688,11.5759598,519.068
48.1370652,11.5759532,519.025
48.1370616,11.5759528,518.981
48.137058,11.5759496,518.936
48.1370544,11.5759537,518.942
48.1370507,11.5759519,518.941
48.1370471,11.5759599,518.995
48.1370435,11.5759582,518.984
48.1370399,11.5759536,518.909
48.1370362,11.5759615,518.912
48.1370326,11.5759581,518.927
48.137029,11.5759546,518.866
48.1370254,11.5759487,518.837
48.1370217,11.5759616,518.935
48.1370181,11.5759517,518.864
48.1370145,11.575951,518.826
48.1370109,11.5759582,518.797
48.1370073,11.575962,518.837
48.1370036,11.5759592,518.831
48.137,11.575957,518.757
48.1369964,11.5759571,518.783
48.1369928,11.5759578,518.754
48.1369891,11.5759575,518.733
48.1369855,11.5759562,518.656
48.1369819,11.5759557,518.63
48.1369783,11.5759553,518.62
48.1369746,11.5759534,518.554
48.136971,11.5759547,518.501
48.1369674,11.5759509,518.466
48.1369638,11.5759552,518.485
48.1369601,11.5759528,518.416
48.1369565,11.5759525,518.443
48.1369529,11.5759559,518.501
48.1369493,11.5759592,518.428
48.1369457,11.5759579,518.541
48.136942,11.5759512,518.495
48.1369384,11.5759528,518.467
48.1369348,11.575958,518.538
48.1369312,11.5759528,518.496
48.1369275,11.5759549,518.548
48.1369239,11.5759569,518.552
48.1369203,11.5759528,518.456
48.1369167,11.5759557,518.526
48.136913,11.5759519,518.476
48.1369094,11.5759538,518.486
48.1369058,11.5759563,518.463
48.1369022,11.5759512,518.504
48.1368985,11.5759566,518.496
48.1368949,11.5759554,518.426
48.1368913,11.5759569,518.403
48.1368877,11.5759561,518.416
48.1368841,11.5759591,518.442
48.1368841,11.5759895,518.569
48.1368877,11.575988,518.605
48.1368913,11.5759895,518.609
48.1368949,11.5759906,518.632
48.1368985,11.5759893,518.619
48.1369022,11.5759893,518.579
48.1369058,11.5759873,518.618
48.1369094,11.5759874,518.667
48.136913,11.5759854,518.636
48.1369167,11.5759939,518.701
48.1369203,11.5759858,518.65
48.1369239,11.5759873,518.644
48.1369275,11.5759872,518.678
48.1369312,11.5759916,518.718
48.1369348,11.5759884,518.675
48.1369384,11.5759925,518.711
48.136942,11.5759873,518.658
48.1369457,11.5759899,518.73
48.1369493,11.5759869,518.661
48.1369529,11.5759949,518.754
48.1369565,11.575986,518.69
48.1369601,11.57599,518.659
48.1369638,11.5759909,518.63
48.1369674,11.5759903,518.592
48.136971,11.5759887,518.606
48.1369746,11.5759888,518.619
48.1369783,11.5759893,518.72
48.1369819,11.5759888,518.703
48.1369855,11.5759918,518.747
48.1369891,11.5759951,518.708
48.1369928,11.5759877,518.753
48.1369964,11.5759855,518.845
48.137,11.5759889,518.868
48.1370036,11.5759961,518.904
48.1370073,11.575987,518.93
48.1370109,11.5759936,519.008
48.1370145,11.5759937,518.977
48.1370181,11.5759877,518.985
48.1370217,11.5759907,519.019
48.1370254,11.5759936,519.113
48.137029,11.5759881,518.971
48.1370326,11.5759886,519.071
48.1370362,11.5759876,519.056
48.1370399,11.5759864,519.084
48.1370435,11.5759874,519.064
48.1370471,11.5759859,519.088
48.1370507,11.5759893,519.137
48.1370544,11.5759871,519.212
48.137058,11.5759898,519.165
48.1370616,11.575985,519.106
48.1370652,11.5759901,519.149
48.1370688,11.5759914,519.16
48.1370725,11.5759838,519.102
48.1370761,11.5759902,519.169
48.1370797,11.5759925,519.206
48.1370833,11.5759859,519.136
48.137087,11.5759937,519.206
48.1370906,11.5759903,519.183
48.1370942,11.5759873,519.142
48.1370978,11.575989,519.15
48.1371015,11.5759907,519.192
48.1371051,11.5759894,519.161
48.1371087,11.5759906,519.132
48.1371123,11.5759867,519.128
48.137116,11.5759896,519.132
48.1371196,11.5759854,519.119
48.1371232,11.5759889,519.072
48.1371268,11.5759867,519.201
48.1371304,11.5759872,519.151
48.1371341,11.5759925,519.185
48.1371377,11.5759921,519.183
48.1371413,11.5759908,519.168
48.1371449,11.5759862,519.178
48.1371486,11.5759883,519.155
48.1371522,11.5759924,519.307
48.1371558,11.5759895,519.196
48.1371594,11.5759954,519.255
48.1371631,11.5759902,519.247
48.1371667,11.5759897,519.308
48.1371703,11.5759883,519.277
48.1371739,11.5759895,519.257
48.1371776,11.5759888,519.344
48.1371812,11.5759911,519.349
48.1371848,11.5759917,519.36
48.1371884,11.575987,519.383
48.137192,11.5759856,519.46
48.1371957,11.5759842,519.483
48.1371993,11.5759905,519.413
48.1372029,11.5759862,519.52
48.1372065,11.5759834,519.519
48.1372102,11.5759902,519.542
48.1372138,11.5759959,519.5
48.1372174,11.5759891,519.587
48.137221,11.5759914,519.597
48.1372247,11.5759894,519.674
48.1372283,11.5759889,519.706
48.1372319,11.5759916,519.64
48.1372355,11.5759884,519.713
48.1372392,11.5759899,519.77
48.1372428,11.57599,519.748
48.1372464,11.5759874,519.779
48.13725,11.5759918,519.8
48.1372536,11.5759887,519.8
48.1372573,11.5759871,519.787
48.1372609,11.5759906,519.786
48.1372645,11.5759867,519.784
48.1372681,11.5759892,519.862
48.1372718,11.5759891,519.853
48.1372754,11.5759921,519.873
48.137279,11.5759904,519.87
48.1372826,11.5759891,519.879
48.1372863,11.5759914,519.942
48.1372899,11.5759929,519.919
48.1372935,11.5759907,519.891
48.1372971,11.5759892,519.96
48.1373007,11.5759856,519.928
48.1373044,11.5759863,519.95
48.137308,11.5759883,520.018
48.1373116,11.5759875,519.978
48.1373152,11.5759887,520.004
48.1373189,11.5759893,519.975
48.1373225,11.5759906,520.021
48.1373261,11.575989,520.051
48.1373297,11.5759905,520.005
48.1373334,11.5759893,520.065
48.137337,11.5759838,520.05
48.1373406,11.5759866,520.072
48.1373442,11.5759888,520.124
48.1373479,11.5759859,520.102
48.1373515,11.5759908,520.17
48.1373551,11.5759933,520.118
48.1373587,11.5759925,520.161
48.1373623,11.5759886,520.155
48.137366,11.5759932,520.152
48.1373696,11.5759896,520.209
48.1373732,11.5759883,520.257
48.1373768,11.5759875,520.195
48.1373805,11.5759883,520.227
48.1373841,11.5759881,520.225
48.1373877,11.5759896,520.22
48.1373913,11.5759896,520.199
48.137395,11.5759892,520.242
48.1373986,11.5759903,520.239
48.1374022,11.5759924,520.352
48.1374058,11.5759917,520.307
48.1374095,11.5759852,520.284
48.1374131,11.5759823,520.321
48.1374167,11.5759917,520.313
48.1374203,11.5759855,520.309
48.1374239,11.5759886,520.359
48.1374239,11.5760197,520.52
48.1374203,11.576018,520.485
48.1374167,11.5760243,520.492
48.1374131,11.5760249,520.477
48.1374095,11.5760213,520.46
48.1374058,11.5760159,520.419
48.1374022,11.5760214,520.393
48.1373986,11.5760239,520.424
48.137395,11.5760189,520.357
48.1373913,11.5760234,520.398
48.1373877,11.5760228,520.367
48.1373841,11.5760244,520.452
48.1373805,11.5760232,520.358
48.1373768,11.5760202,520.292
48.1373732,11.5760261,520.343
48.1373696,11.5760224,520.335
48.137366,11.5760228,520.359
48.1373623,11.5760204,520.269
48.1373587,11.5760217,520.233
48.1373551,11.5760205,520.288
48.1373515,11.5760224,520.218
48.1373479,11.5760275,520.255
48.1373442,11.5760192,520.214
48.1373406,11.5760185,520.204
48.137337,11.5760268,520.25
48.1373334,11.5760223,520.178
48.1373297,11.5760211,520.173
48.1373261,11.5760257,520.188
48.1373225,11.5760212,520.162
48.1373189,11.5760278,520.175
48.1373152,11.5760247,520.161
48.1373116,11.5760216,520.148
48.137308,11.5760287,520.152
48.1373044,11.5760212,520.111
48.1373007,11.5760249,520.053
48.1372971,11.5760237,520.085
48.1372935,11.5760264,520.097
48.1372899,11.5760271,520.095
48.1372863,11.576023,520.023
48.1372826,11.5760208,520.003
48.137279,11.5760241,520.007
48.1372754,11.576021,520.016
48.1372718,11.5760283,520.048
48.1372681,11.5760232,519.971
48.1372645,11.5760219,519.991
48.1372609,11.5760234,519.959
48.1372573,11.5760192,519.92
48.1372536,11.5760203,519.902
48.13725,11.5760261,519.922
48.1372464,11.5760211,519.871
48.1372428,11.5760201,519.897
48.1372392,11.5760243,519.769
48.1372355,11.5760261,519.768
48.1372319,11.5760248,519.695
48.1372283,11.5760256,519.645
48.1372247,11.5760208,519.634
48.137221,11.576019,519.605
48.1372174,11.5760269,519.683
48.1372138,11.576022,519.558
48.1372102,11.5760222,519.523
48.1372065,11.5760265,519.6
48.1372029,11.5760244,519.52
48.1371993,11.5760241,519.588
48.1371957,11.5760287,519.657
48.137192,11.5760211,519.605
48.1371884,11.5760254,519.671
48.1371848,11.576023,519.608
48.1371812,11.5760236,519.632
48.1371776,11.576027,519.657
48.1371739,11.5760242,519.616
48.1371703,11.5760243,519.659
48.1371667,11.5760258,519.624
48.1371631,11.5760219,519.6
48.1371594,11.5760206,519.56
48.1371558,11.5760201,519.59
48.1371522,11.5760176,519.585
48.1371486,11.5760284,519.601
48.1371449,11.5760199,519.473
48.1371413,11.5760223,519.534
48.1371377,11.5760221,519.516
48.1371341,11.5760237,519.517
48.1371304,11.5760251,519.488
48.1371268,11.5760252,519.469
48.1371232,11.5760213,519.407
48.1371196,11.5760224,519.408
48.137116,11.5760236,519.298
48.1371123,11.5760222,519.293
48.1371087,11.5760272,519.329
48.1371051,11.5760242,519.227
48.1371015,11.5760249,519.28
48.1370978,11.5760247,519.179
48.1370942,11.576026,519.183
48.1370906,11.5760234,519.177
48.137087,11.5760194,519.136
48.1370833,11.576024,519.109
48.1370797,11.5760211,519.164
48.1370761,11.5760214,519.224
48.1370725,11.5760245,519.199
48.1370688,11.5760262,519.201
48.1370652,11.5760229,519.267
48.1370616,11.5760237,519.239
48.137058,11.5760275,519.247
48.1370544,11.5760235,519.258
48.1370507,11.5760299,519.292
48.1370471,11.5760244,519.315
48.1370435,11.5760181,519.235
48.1370399,11.5760249,519.258
48.1370362,11.5760239,519.19
48.1370326,11.5760264,519.167
48.137029,11.5760247,519.175
48.1370254,11.5760225,519.148
48.1370217,11.5760196,519.081
48.1370181,11.5760223,519.09
48.1370145,11.5760206,519.074
48.1370109,11.5760213,519.043
48.1370073,11.5760245,519.022
48.1370036,11.5760274,518.988
48.137,11.5760239,518.923
48.1369964,11.5760196,518.882
48.1369928,11.5760241,518.846
48.1369891,11.5760261,518.922
48.1369855,11.5760212,518.834
48.1369819,11.5760225,518.823
48.1369783,11.5760229,518.801
48.1369746,11.5760208,518.907
48.136971,11.5760246,518.815
48.1369674,11.5760225,518.831
48.1369638,11.576024,518.875
48.1369601,11.5760205,518.868
48.1369565,11.5760217,518.894
48.1369529,11.5760248,518.942
48.1369493,11.5760219,518.889
48.1369457,11.5760275,518.871
48.136942,11.5760218,518.863
48.1369384,11.5760235,518.883
48.1369348,11.5760254,518.936
48.1369312,11.576019,518.795
48.1369275,11.5760181,518.86
48.1369239,11.5760188,518.821
48.1369203,11.5760263,518.862
48.1369167,11.5760214,518.801
48.136913,11.5760298,518.802
48.1369094,11.5760214,518.803
48.1369058,11.5760234,518.797
48.1369022,11.576027,518.809
48.1368985,11.5760283,518.773
48.1368949,11.5760284,518.744
48.1368913,11.5760261,518.693
48.1368877,11.5760256,518.751
48.1368841,11.5760245,518.722
48.1368841,11.5760587,518.819
48.1368877,11.5760551,518.83
48.1368913,11.5760544,518.841
48.1368949,11.5760566,518.832
48.1368985,11.5760561,518.862
48.1369022,11.5760554,518.861
48.1369058,11.5760585,518.908
48.1369094,11.5760592,518.913
48.136913,11.5760568,518.889
48.1369167,11.5760606,519.025
48.1369203,11.5760535,518.986
48.1369239,11.5760561,518.947
48.1369275,11.5760546,518.985
48.1369312,11.5760515,518.988
48.1369348,11.5760564,519.042
48.1369384,11.5760563,518.992
48.136942,11.5760607,519.078
48.1369457,11.5760583,519.028
48.1369493,11.5760538,518.992
48.1369529,11.5760616,519.095
48.1369565,11.5760599,519.109
48.1369601,11.5760582,519.14
48.1369638,11.576056,519.013
48.1369674,11.576054,519.054
48.136971,11.5760556,519.022
48.1369746,11.5760595,519.072
48.1369783,11.5760617,519.008
48.1369819,11.5760607,518.999
48.1369855,11.5760553,518.976
48.1369891,11.5760536,518.99
48.1369928,11.576057,518.988
48.1369964,11.5760518,519.016
48.137,11.5760575,519.063
48.1370036,11.5760562,519.068
48.1370073,11.5760553,519.123
48.1370109,11.5760523,519.111
48.1370145,11.576058,519.107
48.1370181,11.5760551,519.213
48.1370217,11.5760534,519.183
48.1370254,11.5760488,519.248
48.137029,11.5760565,519.315
48.1370326,11.5760614,519.318
48.1370362,11.5760611,519.28
48.1370399,11.5760553,519.297
48.1370435,11.576055,519.372
48.1370471,11.5760578,519.336
48.1370507,11.5760539,519.329
48.1370544,11.5760574,519.342
48.137058,11.5760586,519.322
48.1370616,11.5760599,519.289
48.1370652,11.5760563,519.25
48.1370688,11.576056,519.231
48.1370725,11.5760542,519.256
48.1370761,11.5760544,519.253
48.1370797,11.576056,519.257
48.1370833,11.5760576,519.343
48.137087,11.576059,519.364
48.1370906,11.5760544,519.351
48.1370942,11.5760606,519.462
48.1370978,11.5760559,519.461
48.1371015,11.5760565,519.535
48.1371051,11.5760546,519.605
48.1371087,11.57605,519.542
48.1371123,11.576059,519.681
48.137116,11.5760586,519.682
48.1371196,11.5760558,519.701
48.1371232,11.5760568,519.697
48.1371268,11.576058,519.768
48.1371304,11.5760524,519.75
48.1371341,11.5760552,519.814
48.1371377,11.5760587,519.851
48.1371413,11.5760532,519.785
48.1371449,11.5760574,519.903
48.1371486,11.5760529,519.857
48.1371522,11.5760578,519.909
48.1371558,11.5760565,519.904
48.1371594,11.5760522,519.866
48.1371631,11.5760597,519.955
48.1371667,11.5760546,519.93
48.1371703,11.5760544,519.868
48.1371739,11.5760571,519.929
48.1371776,11.5760597,519.96
48.1371812,11.5760538,519.933
48.1371848,11.5760567,519.983
48.1371884,11.5760577,519.93
48.137192,11.5760585,519.94
48.1371957,11.5760571,519.923
48.1371993,11.5760556,519.893
48.1372029,11.5760544,519.882
48.1372065,11.5760568,519.919
48.1372102,11.5760537,519.813
48.1372138,11.5760487,519.784
48.1372174,11.5760578,519.779
48.137221,11.576059,519.798
48.1372247,11.5760502,519.72
48.1372283,11.5760539,519.798
48.1372319,11.5760583,519.764
48.1372355,11.5760621,519.733
48.1372392,11.5760566,519.75
48.1372428,11.5760546,519.848
48.1372464,11.5760561,519.912
48.13725,11.5760603,519.957
48.1372536,11.5760548,519.989
48.1372573,11.5760544,520.056
48.1372609,11.5760553,520.04
48.1372645,11.576054,520.105
48.1372681,11.5760569,520.06
48.1372718,11.576061,520.115
48.1372754,11.5760575,520.091
48.137279,11.5760559,520.145
48.1372826,11.5760558,520.164
48.1372863,11.5760524,520.167
48.1372899,11.576059,520.204
48.1372935,11.5760564,520.176
48.1372971,11.5760561,520.21
48.1373007,11.5760652,520.219
48.1373044,11.5760574,520.285
48.137308,11.5760546,520.236
48.1373116,11.5760554,520.246
48.1373152,11.5760597,520.338
48.1373189,11.5760569,520.254
48.1373225,11.5760527,520.252
48.1373261,11.5760591,520.291
48.1373297,11.5760548,520.317
48.1373334,11.5760616,520.371
48.137337,11.5760595,520.384
48.1373406,11.5760554,520.434
48.1373442,11.57606,520.321
48.1373479,11.5760568,520.405
48.1373515,11.5760589,520.391
48.1373551,11.5760579,520.398
48.1373587,11.5760543,520.395
48.1373623,11.5760548,520.4
48.137366,11.5760594,520.508
48.1373696,11.5760557,520.48
48.1373732,11.5760555,520.467
48.1373768,11.576054,520.513
48.1373805,11.5760577,520.454
48.1373841,11.5760621,520.489
48.1373877,11.5760537,520.442
48.1373913,11.5760566,520.511
48.137395,11.5760604,520.563
48.1373986,11.5760564,520.558
48.1374022,11.5760578,520.577
48.1374058,11.5760537,520.526
48.1374095,11.5760577,520.62
48.1374131,11.5760561,520.609
48.1374167,11.5760592,520.648
48.1374203,11.5760598,520.584
48.1374239,11.5760636,520.677
48.1374239,11.5760919,520.743
48.1374203,11.5760912,520.752
48.1374167,11.5760908,520.766
48.1374131,11.5760893,520.735
48.1374095,11.5760912,520.702
48.1374058,11.5760895,520.709
48.1374022,11.5760907,520.656
48.1373986,11.5760938,520.736
48.137395,11.5760876,520.659
48.1373913,11.5760934,520.709
48.1373877,11.5760938,520.65
48.1373841,11.57609,520.623
48.1373805,11.5760846,520.582
48.1373768,11.5760887,520.635
48.1373732,11.5760938,520.596
48.1373696,11.5760902,520.61
48.137366,11.5760876,520.557
48.1373623,11.5760889,520.503
48.1373587,11.5760926,520.547
48.1373551,11.5760918,520.513
48.1373515,11.5760896,520.529
48.1373479,11.5760893,520.479
48.1373442,11.5760892,520.53
48.1373406,11.5760878,520.482
48.137337,11.5760946,520.494
48.1373334,11.5760894,520.487
48.1373297,11.5760936,520.5
48.1373261,11.5760944,520.462
48.1373225,11.576093,520.421
48.1373189,11.5760891,520.364
48.1373152,11.5760914,520.394
48.1373116,11.5760902,520.379
48.137308,11.5760879,520.38
48.1373044,11.5760912,520.367
48.1373007,11.5760871,520.37
48.1372971,11.5760935,520.344
48.1372935,11.576089,520.331
48.1372899,11.5760908,520.363
48.1372863,11.5760911,520.326
48.1372826,11.5760896,520.295
48.137279,11.5760919,520.272
48.1372754,11.576089,520.243
48.1372718,11.5760926,520.228
48.1372681,11.5760867,520.19
48.1372645,11.5760906,520.207
48.1372609,11.5760955,520.149
48.1372573,11.5760876,520.048
48.1372536,11.5760885,520.093
48.13725,11.5760917,520.01
48.1372464,11.5760908,519.918
48.1372428,11.5760912,519.924
48.1372392,11.5760916,519.936
48.1372355,11.576092,519.996
48.1372319,11.5760933,519.943
48.1372283,11.5760914,520.026
48.1372247,11.5760896,520.062
48.137221,11.5760921,520.049
48.1372174,11.5760954,520.107
48.1372138,11.5760899,520.073
48.1372102,11.5760877,520.1
48.1372065,11.5760933,520.149
48.1372029,11.57609,520.161
48.1371993,11.5760844,520.149
48.1371957,11.5760926,520.147
48.137192,11.5760888,520.096
48.1371884,11.57609,520.167
48.1371848,11.5760912,520.189
48.1371812,11.5760908,520.19
48.1371776,11.5760922,520.186
48.1371739,11.5760891,520.182
48.1371703,11.5760917,520.242
48.1371667,11.5760896,520.192
48.1371631,11.5760923,520.184
48.1371594,11.576092,520.172
48.1371558,11.5760878,520.143
48.1371522,11.5760932,520.224
48.1371486,11.5760888,520.123
48.1371449,11.5760925,520.136
48.1371413,11.5760913,520.093
48.1371377,11.5760952,520.144
48.1371341,11.5760897,520.108
48.1371304,11.5760893,520.034
48.1371268,11.5760902,520.0
48.1371232,11.5760895,519.965
48.1371196,11.5760924,519.881
48.137116,11.5760859,519.906
48.1371123,11.5760874,519.867
48.1371087,11.5760874,519.845
48.1371051,11.5760929,519.81
48.1371015,11.5760949,519.797
48.1370978,11.57609,519.733
48.1370942,11.5760898,519.735
48.1370906,11.5760905,519.651
48.137087,11.5760934,519.692
48.1370833,11.5760878,519.549
48.1370797,11.5760909,519.46
48.1370761,11.5760929,519.45
48.1370725,11.5760916,519.379
48.1370688,11.5760908,519.293
48.1370652,11.576093,519.396
48.1370616,11.576083,519.339
48.137058,11.5760921,519.368
48.1370544,11.5760885,519.368
48.1370507,11.5760854,519.336
48.1370471,11.5760917,519.387
48.1370435,11.576094,519.437
48.1370399,11.5760899,519.368
48.1370362,11.5760929,519.315
48.1370326,11.5760946,519.364
48.137029,11.5760938,519.338
48.1370254,11.5760947,519.317
48.1370217,11.5760923,519.299
48.1370181,11.5760905,519.264
48.1370145,11.576086,519.214
48.1370109,11.5760896,519.231
48.1370073,11.576088,519.129
48.1370036,11.5760961,519.218
48.137,11.5760898,519.19
48.1369964,11.5760906,519.141
48.1369928,11.5760918,519.147
48.1369891,11.5760904,519.171
48.1369855,11.5760949,519.209
48.1369819,11.5760886,519.224
48.1369783,11.5760908,519.203
48.1369746,11.5760883,519.187
48.136971,11.5760867,519.188
48.1369674,11.5760886,519.249
48.1369638,11.5760902,519.22
48.1369601,11.5760891,519.204
48.1369565,11.5760884,519.195
48.1369529,11.5760865,519.22
48.1369493,11.5760901,519.164
48.1369457,11.5760862,519.2
48.136942,11.5760923,519.179
48.1369384,11.5760905,519.149
48.1369348,11.5760864,519.201
48.1369312,11.5760895,519.095
48.1369275,11.5760883,519.099
48.1369239,11.5760912,519.072
48.1369203,11.5760939,519.136
48.1369167,11.5760852,519.112
48.136913,11.5760906,519.12
48.1369094,11.5760899,519.092
48.1369058,11.5760921,519.046
48.1369022,11.5760909,519.024
48.1368985,11.5760883,518.963
48.1368949,11.5760894,519.066
48.1368913,11.5760881,519.002
48.1368877,11.5760932,518.981
48.1368841,11.5760903,519.013
48.1368841,11.5761291,519.09
48.1368877,11.5761238,519.124
48.1368913,11.5761221,519.112
48.1368949,11.5761199,519.14
48.1368985,11.5761191,519.128
48.1369022,11.5761197,519.101
48.1369058,11.5761247,519.177
48.1369094,11.5761254,519.221
48.136913,11.5761197,519.18
48.1369167,11.5761264,519.241
48.1369203,11.5761227,519.185
48.1369239,11.5761244,519.234
48.1369275,11.5761283,519.242
48.1369312,11.5761264,519.288
48.1369348,11.5761233,519.267
48.1369384,11.5761216,519.293
48.136942,11.5761182,519.304
48.1369457,11.5761221,519.319
48.1369493,11.5761234,519.323
48.1369529,11.5761213,519.289
48.1369565,11.5761236,519.339
48.1369601,11.5761242,519.336
48.1369638,11.5761234,519.348
48.1369674,11.5761222,519.352
48.136971,11.5761245,519.351
48.1369746,11.5761252,519.331
48.1369783,11.5761211,519.355
48.1369819,11.5761278,519.414
48.1369855,11.5761237,519.347
48.1369891,11.5761241,519.385
48.1369928,11.5761259,519.445
48.1369964,11.5761246,519.403
48.137,11.5761266,519.423
48.1370036,11.5761248,519.366
48.1370073,11.5761223,519.369
48.1370109,11.576125,519.322
48.1370145,11.5761209,519.307
48.1370181,11.5761243,519.266
48.1370217,11.5761239,519.395
48.1370254,11.5761234,519.422
48.137029,11.5761237,519.381
48.1370326,11.5761189,519.404
48.1370362,11.5761225,519.415
48.1370399,11.5761243,519.466
48.1370435,11.5761244,519.495
48.1370471,11.5761212,519.401
48.1370507,11.5761274,519.47
48.1370544,11.5761217,519.425
48.137058,11.5761266,519.443
48.1370616,11.5761252,519.455
48.1370652,11.5761223,519.446
48.1370688,11.5761288,519.506
48.1370725,11.5761208,519.526
48.1370761,11.5761265,519.64
48.1370797,11.5761267,519.687
48.1370833,11.5761222,519.724
48.137087,11.5761278,519.754
48.1370906,11.5761233,519.813
48.1370942,11.5761248,519.898
48.1370978,11.5761247,519.909
48.1371015,11.5761236,519.959
48.1371051,11.5761262,520.034
48.1371087,11.5761261,520.045
48.1371123,11.5761193,520.024
48.137116,11.5761275,520.07
48.1371196,11.5761195,520.013
48.1371232,11.5761268,520.145
48.1371268,11.576127,520.174
48.1371304,11.5761211,520.204
48.1371341,11.5761229,520.225
48.1371377,11.576121,520.24
48.1371413,11.5761234,520.231
48.1371449,11.5761232,520.278
48.1371486,11.5761261,520.35
48.1371522,11.5761275,520.407
48.1371558,11.5761278,520.366
48.1371594,11.5761225,520.368
48.1371631,11.5761234,520.396
48.1371667,11.5761195,520.329
48.1371703,11.5761218,520.373
48.1371739,11.5761266,520.354
48.1371776,11.5761284,520.402
48.1371812,11.5761207,520.345
48.1371848,11.5761224,520.348
48.1371884,11.5761239,520.313
48.137192,11.5761248,520.351
48.1371957,11.5761218,520.372
48.1371993,11.5761251,520.282
48.1372029,11.5761227,520.285
48.1372065,11.576124,520.297
48.1372102,11.5761255,520.309
48.1372138,11.576124,520.25
48.1372174,11.5761228,520.16
48.137221,11.5761237,520.266
48.1372247,11.5761238,520.219
48.1372283,11.576123,520.106
48.1372319,11.5761233,520.105
48.1372355,11.5761283,520.156
48.1372392,11.5761255,520.12
48.1372428,11.5761232,520.089
48.1372464,11.5761259,520.077
48.13725,11.5761231,520.103
48.1372536,11.5761272,520.154
48.1372573,11.576125,520.234
48.1372609,11.5761237,520.219
48.1372645,11.5761252,520.273
48.1372681,11.5761198,520.347
48.1372718,11.576121,520.352
48.1372754,11.5761208,520.419
48.137279,11.5761244,520.39
48.1372826,11.5761287,520.441
48.1372863,11.57613,520.434
48.1372899,11.5761257,520.459
48.1372935,11.5761254,520.426
48.1372971,11.5761191,520.445
48.1373007,11.5761225,520.441
48.1373044,11.5761219,520.514
48.137308,11.5761223,520.529
48.1373116,11.5761235,520.472
48.1373152,11.5761227,520.573
48.1373189,11.5761187,520.605
48.1373225,11.576126,520.571
48.1373261,11.5761211,520.544
48.1373297,11.5761246,520.673
48.1373334,11.5761296,520.579
48.137337,11.5761215,520.601
48.1373406,11.5761172,520.602
48.1373442,11.5761232,520.672
48.1373479,11.576127,520.668
48.1373515,11.5761293,520.663
48.1373551,11.5761207,520.63
48.1373587,11.5761253,520.677
48.1373623,11.5761227,520.66
48.137366,11.5761237,520.707
48.1373696,11.5761311,520.728
48.1373732,11.5761199,520.671
48.1373768,11.5761247,520.783
48.1373805,11.5761253,520.745
48.1373841,11.5761269,520.74
48.1373877,11.5761243,520.775
48.1373913,11.5761248,520.796
48.137395,11.5761229,520.747
48.1373986,11.5761247,520.828
48.1374022,11.5761231,520.793
48.1374058,11.5761257,520.897
48.1374095,11.576123,520.864
48.1374131,11.576125,520.856
48.1374167,11.5761239,520.853
48.1374203,11.576127,520.896
48.1374239,11.5761239,520.918
48.1374239,11.5761529,521.005
48.1374203,11.5761611,521.016
48.1374167,11.5761553,520.991
48.1374131,11.5761559,520.962
48.1374095,11.5761561,520.958
48.1374058,11.5761614,520.913
48.1374022,11.5761519,520.959
48.1373986,11.5761662,520.977
48.137395,11.5761606,520.913
48.1373913,11.5761583,520.973
48.1373877,11.5761576,520.904
48.1373841,11.5761585,520.861
48.1373805,11.5761591,520.908
48.1373768,11.5761594,520.884
48.1373732,11.5761592,520.871
48.1373696,11.576158,520.829
48.137366,11.5761572,520.841
48.1373623,11.5761573,520.808
48.1373587,11.5761572,520.82
48.1373551,11.5761608,520.747
48.1373515,11.5761593,520.774
48.1373479,11.5761498,520.792
48.1373442,11.5761595,520.74
48.1373406,11.5761582,520.728
48.137337,11.5761577,520.719
48.1373334,11.5761567,520.68
48.1373297,11.5761607,520.653
48.1373261,11.5761603,520.698
48.1373225,11.5761556,520.681
48.1373189,11.5761588,520.675
48.1373152,11.5761551,520.646
48.1373116,11.576154,520.636
48.137308,11.576156,520.661
48.1373044,11.57616,520.626
48.1373007,11.5761603,520.604
48.1372971,11.5761591,520.596
48.1372935,11.5761597,520.612
48.1372899,11.5761591,520.623
48.1372863,11.576156,520.538
48.1372826,11.5761589,520.556
48.137279,11.5761599,520.552
48.1372754,11.5761597,520.495
48.1372718,11.5761609,520.508
48.1372681,11.5761596,520.432
48.1372645,11.5761587,520.385
48.1372609,11.5761606,520.417
48.1372573,11.5761576,520.333
48.1372536,11.5761553,520.288
48.13725,11.5761573,520.244
48.1372464,11.5761557,520.17
48.1372428,11.5761559,520.176
48.1372392,11.5761573,520.138
48.1372355,11.5761556,520.223
48.1372319,11.5761569,520.167
48.1372283,11.5761526,520.228
48.1372247,11.5761583,520.244
48.137221,11.5761577,520.324
48.1372174,11.5761555,520.321
48.1372138,11.5761595,520.343
48.1372102,11.5761602,520.401
48.1372065,11.5761534,520.376
48.1372029,11.5761557,520.405
48.1371993,11.5761556,520.367
48.1371957,11.5761552,520.36
48.137192,11.5761599,520.42
48.1371884,11.5761572,520.409
48.1371848,11.576157,520.443
48.1371812,11.5761523,520.421
48.1371776,11.5761594,520.441
48.1371739,11.5761544,520.385
48.1371703,11.5761579,520.493
48.1371667,11.5761585,520.431
48.1371631,11.5761614,520.453
48.1371594,11.5761542,520.399
48.1371558,11.5761496,520.421
48.1371522,11.5761582,520.365
48.1371486,11.5761626,520.403
48.1371449,11.576161,520.361
48.1371413,11.5761583,520.352
48.1371377,11.5761564,520.348
48.1371341,11.5761599,520.267
48.1371304,11.5761551,520.253
48.1371268,11.576159,520.263
48.1371232,11.5761591,520.284
48.1371196,11.5761606,520.189
48.137116,11.5761652,520.188
48.1371123,11.5761588,520.128
48.1371087,11.5761563,520.154
48.1371051,11.5761576,520.014
48.1371015,11.5761529,520.027
48.1370978,11.5761558,519.945
48.1370942,11.5761566,519.879
48.1370906,11.5761563,519.916
48.137087,11.5761581,519.86
48.1370833,11.5761555,519.787
48.1370797,11.5761607,519.733
48.1370761,11.5761577,519.767
48.1370725,11.5761577,519.612
48.1370688,11.5761568,519.59
48.1370652,11.5761581,519.529
48.1370616,11.5761599,519.548
48.137058,11.5761554,519.515
48.1370544,11.5761559,519.514
48.1370507,11.5761569,519.589
48.1370471,11.5761541,519.563
48.1370435,11.5761555,519.533
48.1370399,11.5761564,519.455
48.1370362,11.5761601,519.515
48.1370326,11.5761584,519.592
48.137029,11.5761582,519.496
48.1370254,11.57616,519.541
48.1370217,11.5761573,519.539
48.1370181,11.5761588,519.515
48.1370145,11.5761574,519.484
48.1370109,11.5761584,519.451
48.1370073,11.5761561,519.541
48.1370036,11.5761511,519.478
48.137,11.5761573,519.548
48.1369964,11.5761615,519.53
48.1369928,11.5761602,519.553
48.1369891,11.5761603,519.56
48.1369855,11.576161,519.566
48.1369819,11.5761579,519.505
48.1369783,11.5761582,519.567
48.1369746,11.576156,519.496
48.136971,11.5761569,519.456
48.1369674,11.5761594,519.502
48.1369638,11.576161,519.5
48.1369601,11.5761573,519.479
48.1369565,11.5761565,519.5
48.1369529,11.5761577,519.445
48.1369493,11.5761593,519.442
48.1369457,11.5761538,519.381
48.136942,11.5761515,519.418
48.1369384,11.5761562,519.404
48.1369348,11.5761544,519.367
48.1369312,11.5761563,519.318
48.1369275,11.5761573,519.409
48.1369239,11.5761565,519.314
48.1369203,11.5761616,519.339
48.1369167,11.5761586,519.345
48.136913,11.5761585,519.286
48.1369094,11.5761594,519.268
48.1369058,11.5761546,519.22
48.1369022,11.5761605,519.314
48.1368985,11.5761575,519.254
48.1368949,11.5761595,519.353
48.1368913,11.5761548,519.207
48.1368877,11.5761535,519.192
48.1368841,11.5761599,519.213
48.1368841,11.5761924,519.351
48.1368877,11.576189,519.33
48.1368913,11.5761891,519.375
48.1368949,11.5761945,519.357
48.1368985,11.5761882,519.336
48.1369022,11.5761958,519.362
48.1369058,11.576189,519.337
48.1369094,11.5761931,519.415
48.136913,11.5761905,519.425
48.1369167,11.576193,519.435
48.1369203,11.57619,519.493
48.1369239,11.576191,519.508
48.1369275,11.5761915,519.475
48.1369312,11.5761887,519.434
48.1369348,11.5761934,519.499
48.1369384,11.57619,519.498
48.136942,11.5761908,519.511
48.1369457,11.5761887,519.515
48.1369493,11.5761845,519.514
48.1369529,11.5761909,519.556
48.1369565,11.5761979,519.585
48.1369601,11.5761935,519.607
48.1369638,11.5761914,519.616
48.1369674,11.5761907,519.588
48.136971,11.5761915,519.668
48.1369746,11.5761929,519.617
48.1369783,11.5761882,519.593
48.1369819,11.5761944,519.686
48.1369855,11.5761933,519.657
48.1369891,11.5761934,519.7
48.1369928,11.5761926,519.624
48.1369964,11.5761915,519.74
48.137,11.5761932,519.731
48.1370036,11.576193,519.667
48.1370073,11.5761905,519.655
48.1370109,11.5761899,519.743
48.1370145,11.5761917,519.673
48.1370181,11.5761956,519.683
48.1370217,11.5761881,519.589
48.1370254,11.5761875,519.634
48.137029,11.5761919,519.653
48.1370326,11.5761916,519.673
48.1370362,11.5761919,519.608
48.1370399,11.5761921,519.605
48.1370435,11.5761908,519.662
48.1370471,11.5761954,519.7
48.1370507,11.5761871,519.593
48.1370544,11.5761892,519.682
48.137058,11.5761911,519.658
48.1370616,11.576187,519.67
48.1370652,11.5761909,519.653
48.1370688,11.5761959,519.605
48.1370725,11.5761915,519.672
48.1370761,11.576192,519.733
48.1370797,11.576188,519.707
48.1370833,11.5761898,519.769
48.137087,11.5761904,519.828
48.1370906,11.5761906,519.801
48.1370942,11.5761949,519.983
48.1370978,11.5761929,519.963
48.1371015,11.5761884,520.061
48.1371051,11.5761921,520.081
48.1371087,11.5761928,520.159
48.1371123,11.5761945,520.166
48.137116,11.5761957,520.178
48.1371196,11.5761887,520.188
48.1371232,11.5761892,520.264
48.1371268,11.576188,520.208
48.1371304,11.5761908,520.307
48.1371341,11.5761927,520.275
48.1371377,11.5761941,520.365
48.1371413,11.5761912,520.352
48.1371449,11.5761906,520.383
48.1371486,11.5761918,520.382
48.1371522,11.5761892,520.341
48.1371558,11.5761971,520.377
48.1371594,11.5761871,520.438
48.1371631,11.5761919,520.429
48.1371667,11.5761969,520.465
48.1371703,11.5761914,520.449
48.1371739,11.5761909,520.412
48.1371776,11.5761905,520.42
48.1371812,11.5761909,520.449
48.1371848,11.5761951,520.376
48.1371884,11.5761855,520.494
48.137192,11.5761956,520.452
48.1371957,11.5761876,520.473
48.1371993,11.5761907,520.378
48.1372029,11.5761903,520.451
48.1372065,11.576193,520.458
48.1372102,11.5761871,520.34
48.1372138,11.5761927,520.367
48.1372174,11.5761969,520.31
48.137221,11.5761877,520.252
48.1372247,11.5761919,520.289
48.1372283,11.5761896,520.286
48.1372319,11.5761926,520.251
48.1372355,11.5761915,520.316
48.1372392,11.5761897,520.25
48.1372428,11.5761927,520.312
48.1372464,11.5761963,520.431
48.13725,11.5761909,520.439
48.1372536,11.5761934,520.476
48.1372573,11.5761879,520.531
48.1372609,11.5761888,520.563
48.1372645,11.5761927,520.618
48.1372681,11.5761954,520.62
48.1372718,11.5761924,520.648
48.1372754,11.5761906,520.625
48.137279,11.5761914,520.717
48.1372826,11.576188,520.632
48.1372863,11.576193,520.75
48.1372899,11.5761938,520.702
48.1372935,11.5761902,520.66
48.1372971,11.5761902,520.754
48.1373007,11.5761921,520.736
48.1373044,11.5761902,520.763
48.137308,11.5761912,520.79
48.1373116,11.5761971,520.795
48.1373152,11.5761908,520.758
48.1373189,11.5761905,520.816
48.1373225,11.5761897,520.796
48.1373261,11.5761934,520.841
48.1373297,11.5761909,520.76
48.1373334,11.5761897,520.845
48.137337,11.576195,520.843
48.1373406,11.5761952,520.925
48.1373442,11.5761898,520.887
48.1373479,11.5761864,520.876
48.1373515,11.5761941,520.922
48.1373551,11.5761896,520.874
48.1373587,11.5761935,520.979
48.1373623,11.5761861,520.976
48.137366,11.5761938,520.967
48.1373696,11.5761882,520.995
48.1373732,11.5761934,520.961
48.1373768,11.5761915,520.959
48.1373805,11.5761888,520.987
48.1373841,11.5761903,521.016
48.1373877,11.5761933,521.014
48.1373913,11.5761917,521.048
48.137395,11.576193,521.058
48.1373986,11.5761967,521.044
48.1374022,11.5761872,521.069
48.1374058,11.5761958,521.12
48.1374095,11.5761917,521.098
48.1374131,11.576189,521.13
48.1374167,11.5761878,521.067
48.1374203,11.5761909,521.14
48.1374239,11.5761939,521.113
48.1374239,11.5762248,521.218
48.1374203,11.5762292,521.235
48.1374167,11.5762212,521.187
48.1374131,11.5762251,521.2
48.1374095,11.5762217,521.187
48.1374058,11.5762261,521.22
48.1374022,11.5762275,521.178
48.1373986,11.576224,521.117
48.137395,11.5762181,521.167
48.1373913,11.5762257,521.12
48.1373877,11.5762263,521.134
48.1373841,11.5762262,521.137
48.1373805,11.5762285,521.124
48.1373768,11.5762222,521.119
48.1373732,11.576227,521.104
48.1373696,11.5762283,521.056
48.137366,11.5762203,521.109
48.1373623,11.576226,521.056
48.1373587,11.5762238,521.026
48.1373551,11.5762249,521.051
48.1373515,11.5762261,521.021
48.1373479,11.5762238,521.006
48.1373442,11.5762233,521.056
48.1373406,11.5762252,520.967
48.137337,11.5762222,520.943
48.1373334,11.5762222,520.944
48.1373297,11.576227,520.977
48.1373261,11.576222,520.871
48.1373225,11.5762269,520.861
48.1373189,11.5762264,520.889
48.1373152,11.5762205,520.826
48.1373116,11.5762233,520.859
48.137308,11.5762283,520.891
48.1373044,11.5762225,520.818
48.1373007,11.5762239,520.795
48.1372971,11.5762264,520.836
48.1372935,11.5762272,520.85
48.1372899,11.5762244,520.752
48.1372863,11.5762235,520.813
48.1372826,11.576229,520.818
48.137279,11.5762298,520.813
48.1372754,11.5762278,520.802
48.1372718,11.5762254,520.811
48.1372681,11.5762229,520.714
48.1372645,11.5762229,520.713
48.1372609,11.5762265,520.696
48.1372573,11.5762263,520.691
48.1372536,11.5762289,520.729
48.13725,11.5762269,520.611
48.1372464,11.5762211,520.564
48.1372428,11.576228,520.641
48.1372392,11.5762224,520.555
48.1372355,11.5762241,520.485
48.1372319,11.5762258,520.493
48.1372283,11.5762305,520.475
48.1372247,11.5762335,520.495
48.137221,11.5762268,520.367
48.1372174,11.5762246,520.36
48.1372138,11.5762266,520.401
48.1372102,11.5762275,520.333
48.1372065,11.5762243,520.314
48.1372029,11.57623,520.334
48.1371993,11.5762257,520.315
48.1371957,11.5762265,520.406
48.137192,11.5762269,520.349
48.1371884,11.5762263,520.348
48.1371848,11.5762274,520.335
48.1371812,11.5762235,520.419
48.1371776,11.5762236,520.415
48.1371739,11.5762222,520.381
48.1371703,11.5762263,520.395
48.1371667,11.5762272,520.325
48.1371631,11.5762264,520.374
48.1371594,11.5762296,520.36
48.1371558,11.5762251,520.408
48.1371522,11.5762269,520.314
48.1371486,11.5762222,520.303
48.1371449,11.5762241,520.291
48.1371413,11.576227,520.247
48.1371377,11.5762274,520.304
48.1371341,11.5762243,520.301
48.1371304,11.5762249,520.235
48.1371268,11.576221,520.251
48.1371232,11.5762242,520.174
48.1371196,11.5762275,520.117
48.137116,11.5762267,520.079
48.1371123,11.5762265,520.044
48.1371087,11.5762253,519.975
48.1371051,11.5762251,519.993
48.1371015,11.5762233,519.952
48.1370978,11.576227,519.944
48.1370942,11.5762263,519.9
48.1370906,11.5762265,519.874
48.137087,11.5762237,519.827
48.1370833,11.5762193,519.824
48.1370797,11.5762281,519.885
48.1370761,11.5762238,519.798
48.1370725,11.5762228,519.825
48.1370688,11.576227,519.848
48.1370652,11.5762241,519.798
48.1370616,11.576228,519.811
48.137058,11.5762268,519.823
48.1370544,11.576227,519.776
48.1370507,11.5762214,519.793
48.1370471,11.5762284,519.786
48.1370435,11.5762258,519.837
48.1370399,11.5762241,519.873
48.1370362,11.5762255,519.793
48.1370326,11.5762203,519.817
48.137029,11.5762262,519.82
48.1370254,11.5762224,519.862
48.1370217,11.5762215,519.795
48.1370181,11.576221,519.85
48.1370145,11.5762281,519.841
48.1370109,11.5762234,519.839
48.1370073,11.5762293,519.833
48.1370036,11.5762237,519.86
48.137,11.5762205,519.791
48.1369964,11.5762221,519.829
48.1369928,11.5762285,519.813
48.1369891,11.5762247,519.797
48.1369855,11.5762236,519.79
48.1369819,11.5762256,519.757
48.1369783,11.5762265,519.777
48.1369746,11.5762281,519.81
48.136971,11.576229,519.732
48.1369674,11.5762242,519.762
48.1369638,11.5762216,519.752
48.1369601,11.576224,519.678
48.1369565,11.5762258,519.653
48.1369529,11.5762225,519.683
48.1369493,11.5762225,519.645
48.1369457,11.5762261,519.717
48.136942,11.576225,519.646
48.1369384,11.5762252,519.61
48.1369348,11.5762231,519.581
48.1369312,11.5762245,519.64
48.1369275,11.5762226,519.572
48.1369239,11.5762275,519.595
48.1369203,11.5762279,519.611
48.1369167,11.5762201,519.53
48.136913,11.5762226,519.54
48.1369094,11.5762211,519.523
48.1369058,11.5762234,519.54
48.1369022,11.5762249,519.53
48.1368985,11.5762212,519.481
48.1368949,11.5762226,519.483
48.1368913,11.5762224,519.457
48.1368877,11.5762257,519.422
48.1368841,11.5762253,519.461
48.1368841,11.5762569,519.611
48.1368877,11.5762593,519.547
48.1368913,11.5762574,519.556
48.1368949,11.5762581,519.568
48.1368985,11.5762633,519.644
48.1369022,11.5762625,519.645
48.1369058,11.5762553,519.617
48.1369094,11.5762611,519.624
48.136913,11.576261,519.666
48.1369167,11.5762557,519.612
48.1369203,11.576261,519.692
48.1369239,11.576263,519.732
48.1369275,11.5762558,519.658
48.1369312,11.5762564,519.663
48.1369348,11.5762616,519.785
48.1369384,11.5762596,519.725
48.136942,11.5762603,519.792
48.1369457,11.5762598,519.764
48.1369493,11.5762599,519.776
48.1369529,11.5762553,519.792
48.1369565,11.5762617,519.784
48.1369601,11.576262,519.827
48.1369638,11.5762582,519.812
48.1369674,11.5762587,519.798
48.136971,11.5762547,519.847
48.1369746,11.5762602,519.858
48.1369783,11.5762604,519.874
48.1369819,11.5762587,519.849
48.1369855,11.5762619,519.955
48.1369891,11.5762579,519.934
48.1369928,11.5762604,519.956
48.1369964,11.5762561,519.916
48.137,11.5762588,519.893
48.1370036,11.5762584,520.014
48.1370073,11.5762594,519.967
48.1370109,11.5762578,519.951
48.1370145,11.5762585,519.996
48.1370181,11.5762611,520.035
48.1370217,11.5762577,519.992
48.1370254,11.5762545,520.02
48.137029,11.5762636,520.052
48.1370326,11.5762626,519.981
48.1370362,11.5762554,519.953
48.1370399,11.5762607,520.02
48.1370435,11.5762575,519.884
48.1370471,11.5762595,519.962
48.1370507,11.5762596,519.916
48.1370544,11.5762582,519.932
48.137058,11.5762567,519.929
48.1370616,11.576257,519.932
48.1370652,11.5762564,519.933
48.1370688,11.5762566,519.932
48.1370725,11.5762587,520.058
48.1370761,11.5762569,520.059
48.1370797,11.5762607,520.003
48.1370833,11.5762628,520.116
48.137087,11.5762573,520.05
48.1370906,11.5762595,520.094
48.1370942,11.5762602,520.105
48.1370978,11.5762601,520.096
48.1371015,11.576259,520.142
48.1371051,11.5762608,520.135
48.1371087,11.5762601,520.114
48.1371123,11.5762555,520.054
48.137116,11.5762612,520.115
48.1371196,11.5762612,520.096
48.1371232,11.5762568,520.12
48.1371268,11.5762589,520.105
48.1371304,11.5762607,520.152
48.1371341,11.5762583,520.198
48.1371377,11.5762617,520.22
48.1371413,11.5762652,520.214
48.1371449,11.5762567,520.188
48.1371486,11.5762551,520.258
48.1371522,11.5762597,520.237
48.1371558,11.5762608,520.227
48.1371594,11.5762582,520.199
48.1371631,11.5762628,520.283
48.1371667,11.5762552,520.284
48.1371703,11.5762607,520.269
48.1371739,11.5762572,520.295
48.1371776,11.5762635,520.326
48.1371812,11.5762642,520.356
48.1371848,11.5762568,520.253
48.1371884,11.5762574,520.343
48.137192,11.5762612,520.432
48.1371957,11.5762578,520.38
48.1371993,11.5762587,520.436
48.1372029,11.5762589,520.444
48.1372065,11.5762537,520.46
48.1372102,11.5762588,520.522
48.1372138,11.576257,520.517
48.1372174,11.5762575,520.621
48.137221,11.5762627,520.676
48.1372247,11.5762554,520.608
48.1372283,11.576261,520.701
48.1372319,11.5762581,520.709
48.1372355,11.5762581,520.732
48.1372392,11.576261,520.692
48.1372428,11.5762598,520.784
48.1372464,11.5762604,520.753
48.13725,11.5762614,520.776
48.1372536,11.5762579,520.868
48.1372573,11.5762572,520.808
48.1372609,11.5762559,520.795
48.1372645,11.5762566,520.755
48.1372681,11.5762668,520.907
48.1372718,11.5762622,520.823
48.1372754,11.5762552,520.823
48.137279,11.5762553,520.856
48.1372826,11.5762601,520.935
48.1372863,11.5762603,520.929
48.1372899,11.5762603,520.913
48.1372935,11.5762581,520.932
48.1372971,11.5762585,520.918
48.1373007,11.5762597,520.956
48.1373044,11.5762591,520.964
48.137308,11.5762529,520.984
48.1373116,11.5762582,521.013
48.1373152,11.5762565,521.005
48.1373189,11.5762593,521.0
48.1373225,11.5762669,521.069
48.1373261,11.5762598,521.034
48.1373297,11.576258,521.011
48.1373334,11.5762613,521.054
48.137337,11.5762601,521.077
48.1373406,11.57626,521.113
48.1373442,11.5762605,521.094
48.1373479,11.5762644,521.087
48.1373515,11.5762558,521.111
48.1373551,11.5762601,521.138
48.1373587,11.5762563,521.14
48.1373623,11.5762603,521.187
48.137366,11.5762564,521.19
48.1373696,11.5762577,521.157
48.1373732,11.576258,521.17
48.1373768,11.5762615,521.18
48.1373805,11.5762613,521.244
48.1373841,11.5762555,521.26
48.1373877,11.576259,521.23
48.1373913,11.5762569,521.238
48.137395,11.5762554,521.297
48.1373986,11.5762583,521.289
48.1374022,11.576258,521.298
48.1374058,11.5762654,521.284
48.1374095,11.57626,521.336
48.1374131,11.5762551,521.284
48.1374167,11.5762573,521.297
48.1374203,11.5762616,521.346
48.1374239,11.5762645,521.36
48.1374239,11.5762883,521.443
48.1374203,11.5762875,521.392
48.1374167,11.5762976,521.482
48.1374131,11.5762936,521.463
48.1374095,11.5762902,521.349
48.1374058,11.576294,521.436
48.1374022,11.5762854,521.345
48.1373986,11.5762926,521.404
48.137395,11.5762934,521.366
48.1373913,11.576295,521.362
48.1373877,11.5762898,521.328
48.1373841,11.5762928,521.367
48.1373805,11.57629,521.273
48.1373768,11.5762932,521.326
48.1373732,11.5762901,521.319
48.1373696,11.5762914,521.3
48.137366,11.5762899,521.331
48.1373623,11.5762943,521.246
48.1373587,11.5762949,521.281
48.1373551,11.5762919,521.228
48.1373515,11.5762926,521.258
48.1373479,11.5762886,521.197
48.1373442,11.5762917,521.183
48.1373406,11.5762924,521.223
48.137337,11.5762996,521.179
48.1373334,11.5762895,521.109
48.1373297,11.5762965,521.145
48.1373261,11.5762952,521.163
48.1373225,11.5762933,521.168
48.1373189,11.5762973,521.13
48.1373152,11.5762935,521.143
48.1373116,11.5762936,521.05
48.137308,11.5762924,521.062
48.1373044,11.5762958,521.065
48.1373007,11.5762955,521.057
48.1372971,11.5762909,521.037
48.1372935,11.576289,521.038
48.1372899,11.576292,521.001
48.1372863,11.5762904,521.001
48.1372826,11.5762924,520.99
48.137279,11.5762959,520.961
48.1372754,11.5762913,520.96
48.1372718,11.5762924,520.95
48.1372681,11.5762927,520.939
48.1372645,11.5762948,520.939
48.1372609,11.5762865,520.903
48.1372573,11.5762909,520.889
48.1372536,11.5762931,520.935
48.13725,11.5762958,520.857
48.1372464,11.5762912,520.845
48.1372428,11.5762875,520.927
48.1372392,11.5762942,520.82
48.1372355,11.5762908,520.788
48.1372319,11.5762893,520.834
48.1372283,11.5762909,520.742
48.1372247,11.576292,520.788
48.137221,11.5762909,520.843
48.1372174,11.5762866,520.703
48.1372138,11.576295,520.706
48.1372102,11.576296,520.711
48.1372065,11.5762943,520.762
48.1372029,11.5762895,520.733
48.1371993,11.576292,520.68
48.1371957,11.5762925,520.702
48.137192,11.5762942,520.715
48.1371884,11.5762943,520.712
48.1371848,11.5762906,520.611
48.1371812,11.5762928,520.547
48.1371776,11.5762938,520.581
48.1371739,11.5762965,520.595
48.1371703,11.5762944,520.571
48.1371667,11.5762947,520.56
48.1371631,11.5762928,520.571
48.1371594,11.5762963,520.588
48.1371558,11.5762936,520.512
48.1371522,11.5762902,520.511
48.1371486,11.5762963,520.524
48.1371449,11.5762944,520.491
48.1371413,11.5762913,520.483
48.1371377,11.5762913,520.448
48.1371341,11.5762933,520.513
48.1371304,11.5762938,520.401
48.1371268,11.5762931,520.414
48.1371232,11.5762934,520.415
48.1371196,11.5762971,520.436
48.137116,11.5762954,520.436
48.1371123,11.5762931,520.368
48.1371087,11.5762951,520.311
48.1371051,11.5762898,520.337
48.1371015,11.5762936,520.317
48.1370978,11.5762974,520.212
48.1370942,11.576292,520.229
48.1370906,11.5762903,520.147
48.137087,11.5762908,520.145
48.1370833,11.5762896,520.108
48.1370797,11.5762904,520.138
48.1370761,11.5762915,520.103
48.1370725,11.5762888,520.041
48.1370688,11.5762926,520.115
48.1370652,11.576295,520.058
48.1370616,11.5762901,520.094
48.137058,11.5762966,520.1
48.1370544,11.5762939,520.11
48.1370507,11.5762953,520.152
48.1370471,11.5762908,520.138
48.1370435,11.5762948,520.187
48.1370399,11.5762896,520.124
48.1370362,11.5762949,520.158
48.1370326,11.576293,520.125
48.137029,11.576294,520.142
48.1370254,11.5762894,520.127
48.1370217,11.5762901,520.105
48.1370181,11.5762942,520.057
48.1370145,11.57629,520.097
48.1370109,11.5762938,520.099
48.1370073,11.5762889,520.041
48.1370036,11.5762948,520.029
48.137,11.5762892,520.083
48.1369964,11.576294,520.056
48.1369928,11.5762942,520.023
48.1369891,11.5762907,519.973
48.1369855,11.5762941,519.981
48.1369819,11.5762932,520.03
48.1369783,11.5762911,519.976
48.1369746,11.5762898,519.94
48.136971,11.5762873,519.952
48.1369674,11.5762935,519.919
48.1369638,11.5762883,519.961
48.1369601,11.5762928,519.958
48.1369565,11.5762918,519.888
48.1369529,11.5762944,519.879
48.1369493,11.5762917,519.799
48.1369457,11.5762917,519.821
48.136942,11.5762945,519.821
48.1369384,11.5762934,519.85
48.1369348,11.5762934,519.824
48.1369312,11.5762938,519.783
48.1369275,11.5762884,519.787
48.1369239,11.5762946,519.817
48.1369203,11.5762942,519.804
48.1369167,11.5762898,519.706
48.136913,11.5762919,519.753
48.1369094,11.5762924,519.705
48.1369058,11.5762922,519.761
48.1369022,11.5762934,519.749
48.1368985,11.5762964,519.695
48.1368949,11.5762955,519.684
48.1368913,11.576289,519.662
48.1368877,11.5762942,519.612
48.1368841,11.5762961,519.683
48.1368841,11.5763273,519.755
48.1368877,11.5763292,519.809
48.1368913,11.5763317,519.766
48.1368949,11.576329,519.785
48.1368985,11.5763269,519.765
48.1369022,11.5763291,519.798
48.1369058,11.5763266,519.798
48.1369094,11.5763263,519.875
48.136913,11.5763253,519.833
48.1369167,11.5763305,519.884
48.1369203,11.576324,519.863
48.1369239,11.5763304,519.866
48.1369275,11.5763276,519.904
48.1369312,11.5763225,519.924
48.1369348,11.5763272,519.896
48.1369384,11.5763206,519.949
48.136942,11.5763279,519.933
48.1369457,11.5763286,519.958
48.1369493,11.5763247,519.989
48.1369529,11.5763266,519.971
48.1369565,11.5763315,520.018
48.1369601,11.5763249,520.0
48.1369638,11.5763234,520.022
48.1369674,11.5763302,519.978
48.136971,11.5763315,520.01
48.1369746,11.5763263,520.081
48.1369783,11.576329,520.113
48.1369819,11.5763299,520.069
48.1369855,11.5763243,520.085
48.1369891,11.5763249,520.115
48.1369928,11.5763296,520.153
48.1369964,11.5763308,520.086
48.137,11.5763278,520.124
48.1370036,11.5763239,520.142
48.1370073,11.5763316,520.207
48.1370109,11.5763248,520.254
48.1370145,11.5763253,520.185
48.1370181,11.5763272,520.167
48.1370217,11.5763304,520.242
48.1370254,11.5763286,520.275
48.137029,11.5763274,520.246
48.1370326,11.5763275,520.226
48.1370362,11.5763264,520.288
48.1370399,11.5763278,520.291
48.1370435,11.5763194,520.216
48.1370471,11.5763255,520.283
48.1370507,11.5763269,520.307
48.1370544,11.5763231,520.294
48.137058,11.5763273,520.269
48.1370616,11.5763257,520.246
48.1370652,11.576331,520.309
48.1370688,11.5763305,520.224
48.1370725,11.576325,520.239
48.1370761,11.5763258,520.183
48.1370797,11.5763261,520.255
48.1370833,11.576325,520.215
48.137087,11.5763268,520.276
48.1370906,11.5763242,520.263
48.1370942,11.5763232,520.233
48.1370978,11.5763279,520.347
48.1371015,11.576328,520.381
48.1371051,11.5763241,520.391
48.1371087,11.5763287,520.379
48.1371123,11.5763245,520.422
48.137116,11.5763269,520.47
48.1371196,11.5763285,520.475
48.1371232,11.5763262,520.57
48.1371268,11.5763275,520.549
48.1371304,11.5763249,520.478
48.1371341,11.5763257,520.59
48.1371377,11.5763257,520.585
48.1371413,11.5763242,520.604
48.1371449,11.5763258,520.614
48.1371486,11.5763221,520.651
48.1371522,11.5763249,520.682
48.1371558,11.5763255,520.671
48.1371594,11.5763256,520.665
48.1371631,11.5763256,520.686
48.1371667,11.5763261,520.702
48.1371703,11.5763275,520.694
48.1371739,11.5763286,520.75
48.1371776,11.5763245,520.747
48.1371812,11.576323,520.787
48.1371848,11.5763234,520.792
48.1371884,11.5763249,520.75
48.137192,11.5763253,520.809
48.1371957,11.5763242,520.764
48.1371993,11.5763228,520.822
48.1372029,11.576325,520.804
48.1372065,11.5763267,520.806
48.1372102,11.5763279,520.86
48.1372138,11.5763247,520.775
48.1372174,11.5763251,520.816
48.137221,11.5763238,520.871
48.1372247,11.5763262,520.898
48.1372283,11.576324,520.89
48.1372319,11.5763278,520.877
48.1372355,11.5763214,520.894
48.1372392,11.5763253,520.953
48.1372428,11.5763271,520.976
48.1372464,11.5763267,520.969
48.13725,11.5763335,521.035
48.1372536,11.5763272,521.007
48.1372573,11.5763235,520.974
48.1372609,11.576326,521.007
48.1372645,11.5763215,520.973
48.1372681,11.576326,521.037
48.1372718,11.576324,521.08
48.1372754,11.5763287,521.092
48.137279,11.5763248,521.115
48.1372826,11.5763259,521.079
48.1372863,11.5763245,521.136
48.1372899,11.5763309,521.12
48.1372935,11.5763254,521.167
48.1372971,11.5763312,521.15
48.1373007,11.5763284,521.177
48.1373044,11.5763276,521.209
48.137308,11.5763272,521.17
48.1373116,11.5763273,521.195
48.1373152,11.5763211,521.222
48.1373189,11.5763255,521.204
48.1373225,11.5763285,521.189
48.1373261,11.5763261,521.298
48.1373297,11.5763225,521.221
48.1373334,11.5763261,521.262
48.137337,11.5763308,521.318
48.1373406,11.5763296,521.273
48.1373442,11.5763261,521.264
48.1373479,11.5763288,521.321
48.1373515,11.5763253,521.262
48.1373551,11.5763217,521.309
48.1373587,11.5763238,521.343
48.1373623,11.5763305,521.358
48.137366,11.5763255,521.318
48.1373696,11.5763256,521.425
48.1373732,11.5763254,521.392
48.1373768,11.5763314,521.46
48.1373805,11.5763306,521.42
48.1373841,11.5763322,521.417
48.1373877,11.5763258,521.446
48.1373913,11.5763271,521.447
48.137395,11.5763222,521.416
48.1373986,11.5763302,521.531
48.1374022,11.5763231,521.46
48.1374058,11.5763268,521.446
48.1374095,11.5763233,521.543
48.1374131,11.5763247,521.504
48.1374167,11.576324,521.511
48.1374203,11.5763246,521.49
48.1374239,11.5763248,521.608
48.1374239,11.5763585,521.61
48.1374203,11.5763622,521.648
48.1374167,11.576357,521.648
48.1374131,11.5763606,521.63
48.1374095,11.5763632,521.611
48.1374058,11.5763586,521.537
48.1374022,11.576358,521.551
48.1373986,11.5763593,521.572
48.137395,11.5763631,521.541
48.1373913,11.5763605,521.551
48.1373877,11.5763585,521.548
48.1373841,11.5763613,521.552
48.1373805,11.576357,521.463
48.1373768,11.5763618,521.566
48.1373732,11.5763611,521.509
48.1373696,11.5763591,521.469
48.137366,11.5763577,521.486
48.1373623,11.5763576,521.512
48.1373587,11.5763614,521.396
48.1373551,11.5763633,521.425
48.1373515,11.5763582,521.335
48.1373479,11.5763612,521.408
48.1373442,11.5763543,521.383
48.1373406,11.5763584,521.369
48.137337,11.5763599,521.343
48.1373334,11.5763575,521.282
48.1373297,11.5763574,521.343
48.1373261,11.5763582,521.365
48.1373225,11.5763607,521.299
48.1373189,11.5763595,521.314
48.1373152,11.5763539,521.227
48.1373116,11.5763542,521.276
48.137308,11.5763583,521.25
48.1373044,11.5763612,521.234
48.1373007,11.5763526,521.199
48.1372971,11.5763586,521.214
48.1372935,11.5763585,521.225
48.1372899,11.5763637,521.176
48.1372863,11.5763589,521.179
48.1372826,11.576361,521.183
48.137279,11.5763603,521.137
48.1372754,11.5763542,521.196
48.1372718,11.576362,521.125
48.1372681,11.5763605,521.115
48.1372645,11.5763613,521.095
48.1372609,11.5763705,521.191
48.1372573,11.5763543,521.098
48.1372536,11.5763646,521.069
48.13725,11.5763592,521.104
48.1372464,11.5763607,521.069
48.1372428,11.5763598,521.056
48.1372392,11.5763588,521.023
48.1372355,11.5763584,520.998
48.1372319,11.5763609,521.025
48.1372283,11.5763559,520.973
48.1372247,11.576362,521.048
48.137221,11.5763588,520.935
48.1372174,11.5763569,521.002
48.1372138,11.5763587,520.945
48.1372102,11.5763634,520.958
48.1372065,11.5763585,520.949
48.1372029,11.5763609,520.899
48.1371993,11.576358,520.924
48.1371957,11.576362,520.816
48.137192,11.5763618,520.863
48.1371884,11.5763649,520.853
48.1371848,11.5763595,520.816
48.1371812,11.5763618,520.841
48.1371776,11.5763602,520.843
48.1371739,11.5763635,520.849
48.1371703,11.576358,520.809
48.1371667,11.576362,520.78
48.1371631,11.5763594,520.791
48.1371594,11.5763598,520.772
48.1371558,11.5763602,520.784
48.1371522,11.5763606,520.766
48.1371486,11.5763596,520.726
48.1371449,11.5763605,520.684
48.1371413,11.5763642,520.68
48.1371377,11.5763626,520.658
48.1371341,11.5763623,520.641
48.1371304,11.5763587,520.627
48.1371268,11.5763576,520.61
48.1371232,11.5763625,520.56
48.1371196,11.5763623,520.529
48.137116,11.5763639,520.5
48.1371123,11.5763583,520.443
48.1371087,11.5763593,520.401
48.1371051,11.5763555,520.343
48.1371015,11.5763589,520.358
48.1370978,11.5763626,520.387
48.1370942,11.5763587,520.331
48.1370906,11.5763617,520.353
48.137087,11.5763594,520.368
48.1370833,11.5763608,520.382
48.1370797,11.5763569,520.324
48.1370761,11.5763602,520.412
48.1370725,11.5763519,520.386
48.1370688,11.5763595,520.361
48.1370652,11.5763556,520.359
48.1370616,11.5763632,520.453
48.137058,11.5763621,520.407
48.1370544,11.5763612,520.338
48.1370507,11.5763641,520.366
48.1370471,11.5763574,520.372
48.1370435,11.5763647,520.357
48.1370399,11.5763625,520.363
48.1370362,11.5763593,520.357
48.1370326,11.576363,520.399
48.137029,11.576357,520.318
48.1370254,11.5763577,520.35
48.1370217,11.5763583,520.35
48.1370181,11.5763585,520.339
48.1370145,11.5763571,520.288
48.1370109,11.5763633,520.225
48.1370073,11.5763593,520.275
48.1370036,11.5763609,520.285
48.137,11.5763584,520.233
48.1369964,11.5763551,520.266
48.1369928,11.5763607,520.243
48.1369891,11.5763548,520.206
48.1369855,11.5763598,520.223
48.1369819,11.5763563,520.179
48.1369783,11.5763653,520.106
48.1369746,11.5763624,520.146
48.136971,11.5763602,520.179
48.1369674,11.5763634,520.115
48.1369638,11.5763577,520.105
48.1369601,11.5763614,520.079
48.1369565,11.5763605,520.149
48.1369529,11.5763607,520.134
48.1369493,11.5763634,520.053
48.1369457,11.5763619,520.068
48.136942,11.5763607,520.027
48.1369384,11.5763555,520.04
48.1369348,11.5763574,520.03
48.1369312,11.5763596,520.033
48.1369275,11.5763602,520.008
48.1369239,11.5763569,520.065
48.1369203,11.5763665,519.96
48.1369167,11.5763641,519.921
48.136913,11.5763616,519.942
48.1369094,11.5763602,519.891
48.1369058,11.5763594,519.879
48.1369022,11.5763574,519.876
48.1368985,11.5763602,519.874
48.1368949,11.5763607,519.862
48.1368913,11.5763566,519.883
48.1368877,11.5763609,519.852
48.1368841,11.5763595,519.846
48.1368841,11.5763885,519.954
48.1368877,11.5763914,519.923
48.1368913,11.5763926,519.953
48.1368949,11.5763988,520.0
48.1368985,11.5763952,519.934
48.1369022,11.5763901,519.92
48.1369058,11.576395,520.026
48.1369094,11.5763895,520.029
48.136913,11.5763966,520.106
48.1369167,11.5763924,520.05
48.1369203,11.5763934,520.085
48.1369239,11.5763972,520.076
48.1369275,11.5763902,520.085
48.1369312,11.5763899,520.138
48.1369348,11.5763921,520.041
48.1369384,11.5763965,520.141
48.136942,11.5763896,520.187
48.1369457,11.576386,520.134
48.1369493,11.5763925,520.204
48.1369529,11.5763952,520.154
48.1369565,11.5763969,520.189
48.1369601,11.5763924,520.192
48.1369638,11.5763926,520.136
48.1369674,11.5763968,520.191
48.136971,11.5763886,520.184
48.1369746,11.5763926,520.264
48.1369783,11.5763942,520.282
48.1369819,11.5763949,520.279
48.1369855,11.5763923,520.3
48.1369891,11.5763938,520.286
48.1369928,11.576387,520.321
48.1369964,11.5763919,520.31
48.137,11.5763949,520.331
48.1370036,11.576391,520.324
48.1370073,11.5763938,520.372
48.1370109,11.5763949,520.353
48.1370145,11.5763927,520.402
48.1370181,11.5763941,520.354
48.1370217,11.5763911,520.36
48.1370254,11.5763931,520.43
48.137029,11.5763953,520.425
48.1370326,11.5763941,520.423
48.1370362,11.5763921,520.47
48.1370399,11.5763943,520.442
48.1370435,11.5763956,520.469
48.1370471,11.5763881,520.509
48.1370507,11.5763968,520.547
48.1370544,11.5763928,520.547
48.137058,11.5763948,520.507
48.1370616,11.5763969,520.566
48.1370652,11.57639,520.485
48.1370688,11.5763918,520.495
48.1370725,11.5763929,520.456
48.1370761,11.5763916,520.57
48.1370797,11.5763983,520.516
48.1370833,11.5763914,520.502
48.137087,11.5763922,520.473
48.1370906,11.5763942,520.52
48.1370942,11.5763904,520.463
48.1370978,11.5763926,520.438
48.1371015,11.5763945,520.495
48.1371051,11.5763928,520.435
48.1371087,11.5763934,520.463
48.1371123,11.5763922,520.438
48.137116,11.5763896,520.476
48.1371196,11.5763945,520.557
48.1371232,11.5763984,520.526
48.1371268,11.5763937,520.57
48.1371304,11.5763943,520.648
48.1371341,11.5763955,520.666
48.1371377,11.5763902,520.77
48.1371413,11.5763983,520.802
48.1371449,11.5763942,520.744
48.1371486,11.5763981,520.816
48.1371522,11.5763917,520.833
48.1371558,11.5763986,520.824
48.1371594,11.5763958,520.809
48.1371631,11.5763952,520.868
48.1371667,11.5763943,520.875
48.1371703,11.576393,520.878
48.1371739,11.5763969,520.927
48.1371776,11.576394,520.896
48.1371812,11.5763884,520.882
48.1371848,11.5763907,520.938
48.1371884,11.5763932,520.965
48.137192,11.5763945,520.934
48.1371957,11.5763935,521.006
48.1371993,11.576397,520.946
48.1372029,11.5763884,520.972
48.1372065,11.5763941,521.008
48.1372102,11.5763888,520.996
48.1372138,11.5763957,521.028
48.1372174,11.5763934,521.107
48.137221,11.5763948,521.041
48.1372247,11.5763913,521.143
48.1372283,11.5763971,521.109
48.1372319,11.5763965,521.11
48.1372355,11.5763952,521.13
48.1372392,11.5763933,521.199
48.1372428,11.5763952,521.11
48.1372464,11.5763918,521.11
48.13725,11.576396,521.143
48.1372536,11.5763981,521.184
48.1372573,11.5763966,521.14
48.1372609,11.5763917,521.192
48.1372645,11.5763946,521.262
48.1372681,11.5763902,521.216
48.1372718,11.5763952,521.228
48.1372754,11.5763949,521.229
48.137279,11.5763886,521.271
48.1372826,11.5763905,521.236
48.1372863,11.5763929,521.334
48.1372899,11.5763929,521.349
48.1372935,11.5763904,521.305
48.1372971,11.5763947,521.319
48.1373007,11.5763943,521.362
48.1373044,11.5763931,521.373
48.137308,11.5763916,521.324
48.1373116,11.5763965,521.357
48.1373152,11.5763981,521.349
48.1373189,11.5763924,521.399
48.1373225,11.576392,521.418
48.1373261,11.576395,521.377
48.1373297,11.5763927,521.41
48.1373334,11.5763933,521.397
48.137337,11.5763957,521.428
48.1373406,11.5763885,521.466
48.1373442,11.5763972,521.461
48.1373479,11.5763939,521.478
48.1373515,11.5763926,521.447
48.1373551,11.5763934,521.515
48.1373587,11.5763936,521.521
48.1373623,11.576389,521.501
48.137366,11.5763977,521.551
48.1373696,11.5763938,521.564
48.1373732,11.5763949,521.549
48.1373768,11.5763962,521.545
48.1373805,11.5763909,521.642
48.1373841,11.5763949,521.591
48.1373877,11.5763929,521.614
48.1373913,11.576396,521.667
48.137395,11.5763879,521.735
48.1373986,11.5763934,521.617
48.1374022,11.576392,521.677
48.1374058,11.5763948,521.661
48.1374095,11.5763949,521.679
48.1374131,11.5763918,521.677
48.1374167,11.5763918,521.677
48.1374203,11.5763934,521.726
48.1374239,11.5763913,521.69
48.1374239,11.5764297,521.856
48.1374203,11.5764264,521.81
48.1374167,11.5764195,521.792
48.1374131,11.5764264,521.77
48.1374095,11.5764246,521.756
48.1374058,11.576423,521.76
48.1374022,11.576424,521.707
48.1373986,11.5764277,521.728
48.137395,11.576431,521.709
48.1373913,11.5764282,521.689
48.1373877,11.5764257,521.635
48.1373841,11.5764286,521.733
48.1373805,11.5764261,521.654
48.1373768,11.5764255,521.696
48.1373732,11.5764243,521.678
48.1373696,11.5764227,521.591
48.137366,11.5764263,521.594
48.1373623,11.5764278,521.695
48.1373587,11.5764271,521.657
48.1373551,11.5764263,521.589
48.1373515,11.5764248,521.583
48.1373479,11.576429,521.554
48.1373442,11.5764238,521.561
48.1373406,11.5764295,521.528
48.137337,11.5764247,521.465
48.1373334,11.5764254,521.476
48.1373297,11.5764234,521.5
48.1373261,11.576426,521.459
48.1373225,11.57643,521.488
48.1373189,11.5764288,521.443
48.1373152,11.57643,521.443
48.1373116,11.5764288,521.477
48.137308,11.5764244,521.436
48.1373044,11.5764265,521.421
48.1373007,11.5764253,521.433
48.1372971,11.576431,521.423
48.1372935,11.5764242,521.423
48.1372899,11.5764298,521.367
48.1372863,11.5764298,521.356
48.1372826,11.5764323,521.324
48.137279,11.5764263,521.324
48.1372754,11.5764293,521.361
48.1372718,11.5764335,521.369
48.1372681,11.5764257,521.328
48.1372645,11.5764232,521.227
48.1372609,11.5764223,521.299
48.1372573,11.5764293,521.216
48.1372536,11.5764223,521.27
48.13725,11.5764264,521.229
48.1372464,11.5764286,521.254
48.1372428,11.5764279,521.18
48.1372392,11.5764285,521.244
48.1372355,11.576428,521.152
48.1372319,11.5764308,521.17
48.1372283,11.5764248,521.134
48.1372247,11.5764256,521.101
48.137221,11.5764253,521.144
48.1372174,11.5764296,521.193
48.1372138,11.5764298,521.208
48.1372102,11.5764286,521.116
48.1372065,11.5764306,521.139
48.1372029,11.5764242,521.085
48.1371993,11.5764319,521.099
48.1371957,11.5764315,521.061
48.137192,11.5764294,521.06
48.1371884,11.5764322,521.064
48.1371848,11.5764229,520.996
48.1371812,11.576426,521.006
48.1371776,11.5764254,520.991
48.1371739,11.5764293,521.012
48.1371703,11.5764245,520.93
48.1371667,11.5764294,520.953
48.1371631,11.5764311,520.995
48.1371594,11.5764293,520.948
48.1371558,11.5764281,520.928
48.1371522,11.5764247,520.858
48.1371486,11.5764251,520.838
48.1371449,11.5764307,520.83
48.1371413,11.5764295,520.812
48.1371377,11.5764273,520.672
48.1371341,11.5764263,520.658
48.1371304,11.5764219,520.703
48.1371268,11.5764245,520.63
48.1371232,11.5764325,520.612
48.1371196,11.5764239,520.562
48.137116,11.5764279,520.585
48.1371123,11.5764301,520.566
48.1371087,11.576424,520.651
48.1371051,11.5764279,520.61
48.1371015,11.5764299,520.627
48.1370978,11.5764274,520.646
48.1370942,11.5764351,520.698
48.1370906,11.5764229,520.654
48.137087,11.5764302,520.691
48.1370833,11.5764269,520.629
48.1370797,11.5764295,520.646
48.1370761,11.5764286,520.671
48.1370725,11.5764254,520.617
48.1370688,11.576428,520.632
48.1370652,11.5764224,520.621
48.1370616,11.576429,520.639
48.137058,11.5764282,520.549
48.1370544,11.5764291,520.615
48.1370507,11.5764302,520.578
48.1370471,11.5764284,520.589
48.1370435,11.5764278,520.578
48.1370399,11.576425,520.584
48.1370362,11.5764255,520.566
48.1370326,11.5764306,520.566
48.137029,11.5764313,520.558
48.1370254,11.5764267,520.501
48.1370217,11.5764275,520.483
48.1370181,11.5764249,520.49
48.1370145,11.5764305,520.487
48.1370109,11.5764292,520.44
48.1370073,11.5764326,520.458
48.1370036,11.576425,520.414
48.137,11.5764264,520.381
48.1369964,11.576428,520.437
48.1369928,11.5764291,520.391
48.1369891,11.5764268,520.433
48.1369855,11.576425,520.306
48.1369819,11.5764298,520.338
48.1369783,11.5764293,520.342
48.1369746,11.5764249,520.353
48.136971,11.576431,520.333
48.1369674,11.5764305,520.317
48.1369638,11.5764277,520.255
48.1369601,11.5764276,520.242
48.1369565,11.5764289,520.277
48.1369529,11.5764251,520.206
48.1369493,11.5764275,520.224
48.1369457,11.5764216,520.229
48.136942,11.5764297,520.192
48.1369384,11.5764232,520.242
48.1369348,11.5764314,520.238
48.1369312,11.5764265,520.13
48.1369275,11.5764268,520.138
48.1369239,11.5764257,520.083
48.1369203,11.5764266,520.118
48.1369167,11.5764312,520.163
48.136913,11.5764207,520.091
48.1369094,11.5764308,520.129
48.1369058,11.5764283,520.051
48.1369022,11.5764241,520.099
48.1368985,11.5764245,520.047
48.1368949,11.5764319,520.07
48.1368913,11.5764248,520.038
48.1368877,11.5764243,519.989
48.1368841,11.5764304,519.995
48.1368841,11.576462,520.131
48.1368877,11.5764586,520.118
48.1368913,11.5764617,520.157
48.1368949,11.5764583,520.14
48.1368985,11.5764641,520.159
48.1369022,11.576464,520.115
48.1369058,11.5764625,520.168
48.1369094,11.5764621,520.186
48.136913,11.5764658,520.266
48.1369167,11.5764611,520.229
48.1369203,11.5764579,520.26
48.1369239,11.5764623,520.254
48.1369275,11.5764667,520.236
48.1369312,11.5764584,520.254
48.1369348,11.5764601,520.274
48.1369384,11.5764622,520.256
48.136942,11.5764609,520.281
48.1369457,11.5764584,520.293
48.1369493,11.5764641,520.372
48.1369529,11.5764673,520.281
48.1369565,11.5764616,520.379
48.1369601,11.5764587,520.32
48.1369638,11.5764569,520.315
48.1369674,11.5764618,520.415
48.136971,11.5764641,520.418
48.1369746,11.5764624,520.442
48.1369783,11.5764611,520.438
48.1369819,11.5764595,520.484
48.1369855,11.5764581,520.448
48.1369891,11.5764633,520.451
48.1369928,11.5764636,520.478
48.1369964,11.5764569,520.502
48.137,11.5764654,520.473
48.1370036,11.5764626,520.483
48.1370073,11.5764649,520.51
48.1370109,11.5764575,520.452
48.1370145,11.5764574,520.531
48.1370181,11.5764607,520.49
48.1370217,11.5764624,520.564
48.1370254,11.5764659,520.608
48.137029,11.576463,520.573
48.1370326,11.5764604,520.644
48.1370362,11.5764583,520.557
48.1370399,11.5764644,520.663
48.1370435,11.5764585,520.646
48.1370471,11.5764655,520.602
48.1370507,11.5764603,520.735
48.1370544,11.5764654,520.675
48.137058,11.5764629,520.657
48.1370616,11.5764607,520.648
48.1370652,11.5764597,520.693
48.1370688,11.5764602,520.709
48.1370725,11.5764622,520.731
48.1370761,11.5764613,520.727
48.1370797,11.5764595,520.76
48.1370833,11.5764606,520.74
48.137087,11.5764613,520.702
48.1370906,11.5764553,520.741
48.1370942,11.5764623,520.698
48.1370978,11.5764584,520.764
48.1371015,11.576458,520.718
48.1371051,11.5764565,520.739
48.1371087,11.5764563,520.763
48.1371123,11.5764574,520.69
48.137116,11.5764592,520.749
48.1371196,11.5764664,520.725
48.1371232,11.5764597,520.761
48.1371268,11.5764616,520.705
48.1371304,11.5764622,520.699
48.1371341,11.5764614,520.756
48.1371377,11.5764609,520.742
48.1371413,11.5764579,520.753
48.1371449,11.576465,520.797
48.1371486,11.576466,520.842
48.1371522,11.5764566,520.915
48.1371558,11.5764583,520.851
48.1371594,11.5764603,520.942
48.1371631,11.5764585,520.989
48.1371667,11.5764625,521.006
48.1371703,11.5764591,521.06
48.1371739,11.5764669,521.051
48.1371776,11.5764643,521.064
48.1371812,11.5764617,521.1
48.1371848,11.5764639,521.105
48.1371884,11.5764641,521.105
48.137192,11.5764596,521.137
48.1371957,11.5764589,521.113
48.1371993,11.5764613,521.132
48.1372029,11.5764634,521.152
48.1372065,11.5764615,521.216
48.1372102,11.5764568,521.081
48.1372138,11.5764589,521.206
48.1372174,11.5764609,521.212
48.137221,11.5764609,521.173
48.1372247,11.5764664,521.257
48.1372283,11.5764574,521.254
48.1372319,11.5764625,521.28
48.1372355,11.5764651,521.201
48.1372392,11.5764672,521.338
48.1372428,11.57646,521.271
48.1372464,11.5764624,521.332
48.13725,11.5764626,521.346
48.1372536,11.5764616,521.307
48.1372573,11.5764608,521.364
48.1372609,11.5764623,521.347
48.1372645,11.5764543,521.291
48.1372681,11.5764629,521.42
48.1372718,11.5764614,521.37
48.1372754,11.5764605,521.378
48.137279,11.5764666,521.417
48.1372826,11.5764593,521.433
48.1372863,11.57646,521.437
48.1372899,11.5764665,521.481
48.1372935,11.5764588,521.42
48.1372971,11.5764596,521.452
48.1373007,11.5764607,521.485
48.1373044,11.5764634,521.563
48.137308,11.5764616,521.511
48.1373116,11.5764576,521.55
48.1373152,11.5764597,521.536
48.1373189,11.5764595,521.532
48.1373225,11.5764609,521.554
48.1373261,11.5764622,521.571
48.1373297,11.5764622,521.607
48.1373334,11.5764563,521.629
48.137337,11.576464,521.627
48.1373406,11.5764618,521.659
48.1373442,11.5764648,521.614
48.1373479,11.5764623,521.637
48.1373515,11.5764641,521.643
48.1373551,11.5764623,521.683
48.1373587,11.5764647,521.68
48.1373623,11.5764625,521.72
48.137366,11.5764608,521.678
48.1373696,11.5764672,521.734
48.1373732,11.5764635,521.757
48.1373768,11.5764626,521.684
48.1373805,11.5764576,521.811
48.1373841,11.5764576,521.751
48.1373877,11.5764619,521.72
48.1373913,11.5764615,521.797
48.137395,11.5764594,521.801
48.1373986,11.5764615,521.814
48.1374022,11.5764654,521.867
48.1374058,11.576463,521.866
48.1374095,11.576458,521.854
48.1374131,11.5764608,521.877
48.1374167,11.5764589,521.868
48.1374203,11.57646,521.939
48.1374239,11.57646,521.853
48.1374239,11.5764935,521.974
48.1374203,11.5764914,521.955
48.1374167,11.5764945,521.972
48.1374131,11.5764933,521.908
48.1374095,11.5764869,521.855
48.1374058,11.5765003,521.928
48.1374022,11.5764977,521.915
48.1373986,11.5764938,521.931
48.137395,11.5764948,521.838
48.1373913,11.5764916,521.892
48.1373877,11.5764994,521.932
48.1373841,11.5764999,521.839
48.1373805,11.5764952,521.79
48.1373768,11.5764976,521.809
48.1373732,11.5764953,521.805
48.1373696,11.5764912,521.801
48.137366,11.5764937,521.759
48.1373623,11.5764952,521.815
48.1373587,11.5764936,521.719
48.1373551,11.5764942,521.69
48.1373515,11.5764946,521.764
48.1373479,11.5764946,521.65
48.1373442,11.5764949,521.701
48.1373406,11.5764919,521.782
48.137337,11.5764929,521.678
48.1373334,11.5764913,521.63
48.1373297,11.5764974,521.662
48.1373261,11.5764891,521.633
48.1373225,11.5764979,521.646
48.1373189,11.5764985,521.65
48.1373152,11.576494,521.577
48.1373116,11.5764878,521.634
48.137308,11.5764938,521.591
48.1373044,11.5764946,521.595
48.1373007,11.5764921,521.537
48.1372971,11.5764934,521.585
48.1372935,11.5764989,521.538
48.1372899,11.5764966,521.538
48.1372863,11.5764923,521.48
48.1372826,11.5764905,521.462
48.137279,11.5764939,521.508
48.1372754,11.5764942,521.463
48.1372718,11.5764961,521.442
48.1372681,11.5764934,521.431
48.1372645,11.5764962,521.465
48.1372609,11.5765,521.421
48.1372573,11.576497,521.418
48.1372536,11.5764947,521.405
48.13725,11.5764943,521.334
48.1372464,11.5764938,521.334
48.1372428,11.576498,521.385
48.1372392,11.5764931,521.331
48.1372355,11.5764949,521.376
48.1372319,11.5764949,521.362
48.1372283,11.5764934,521.339
48.1372247,11.5764911,521.355
48.137221,11.5764957,521.295
48.1372174,11.5764946,521.303
48.1372138,11.5764961,521.257
48.1372102,11.5764934,521.33
48.1372065,11.5764981,521.312
48.1372029,11.5764924,521.229
48.1371993,11.5764994,521.24
48.1371957,11.5764901,521.237
48.137192,11.576496,521.187
48.1371884,11.5764961,521.154
48.1371848,11.5764927,521.176
48.1371812,11.5764959,521.134
48.1371776,11.5764982,521.114
48.1371739,11.5764888,521.05
48.1371703,11.5764962,520.997
48.1371667,11.5764881,521.022
48.1371631,11.5764922,521.009
48.1371594,11.5764992,520.943
48.1371558,11.5764932,520.959
48.1371522,11.5764916,520.864
48.1371486,11.5764943,520.83
48.1371449,11.5765004,520.852
48.1371413,11.5764899,520.817
48.1371377,11.576492,520.839
48.1371341,11.5764988,520.815
48.1371304,11.5764998,520.888
48.1371268,11.5764945,520.894
48.1371232,11.5764915,520.83
48.1371196,11.5765004,520.915
48.137116,11.5764991,520.848
48.1371123,11.5764966,520.909
48.1371087,11.5764926,520.898
48.1371051,11.5764947,520.9
48.1371015,11.5764944,520.871
48.1370978,11.5764957,520.782
48.1370942,11.5764987,520.853
48.1370906,11.5764972,520.841
48.137087,11.5764919,520.809
48.1370833,11.5764985,520.846
48.1370797,11.5764956,520.813
48.1370761,11.5764966,520.791
48.1370725,11.5764988,520.777
48.1370688,11.5764918,520.761
48.1370652,11.5764947,520.81
48.1370616,11.5764934,520.742
48.137058,11.5764906,520.728
48.1370544,11.5764957,520.729
48.1370507,11.5765016,520.752
48.1370471,11.5764898,520.719
48.1370435,11.5764947,520.613
48.1370399,11.5764965,520.726
48.1370362,11.5764951,520.724
48.1370326,11.5764945,520.636
48.137029,11.5764913,520.619
48.1370254,11.5764954,520.631
48.1370217,11.5764928,520.605
48.1370181,11.5764889,520.614
48.1370145,11.576498,520.556
48.1370109,11.5764974,520.567
48.1370073,11.5764949,520.63
48.1370036,11.5764954,520.545
48.137,11.5764977,520.602
48.1369964,11.5764954,520.559
48.1369928,11.5764972,520.486
48.1369891,11.576494,520.54
48.1369855,11.5764983,520.515
48.1369819,11.5764957,520.487
48.1369783,11.5764953,520.495
48.1369746,11.5764914,520.482
48.136971,11.5764956,520.485
48.1369674,11.5764926,520.481
48.1369638,11.5764931,520.447
48.1369601,11.5764926,520.38
48.1369565,11.5764919,520.394
48.1369529,11.5765005,520.502
48.1369493,11.5764984,520.419
48.1369457,11.5765,520.46
48.136942,11.5764915,520.401
48.1369384,11.576495,520.361
48.1369348,11.5764913,520.343
48.1369312,11.5764929,520.325
48.1369275,11.5764923,520.26
48.1369239,11.5764981,520.313
48.1369203,11.5764937,520.327
48.1369167,11.5764977,520.269
48.136913,11.5764964,520.285
48.1369094,11.576501,520.295
48.1369058,11.5764908,520.209
48.1369022,11.5764982,520.226
48.1368985,11.5764979,520.197
48.1368949,11.5764922,520.179
48.1368913,11.5764975,520.164
48.1368877,11.5764957,520.159
48.1368841,11.5764942,520.214
48.1368841,11.5765263,520.208
48.1368877,11.5765266,520.252
48.1368913,11.576534,520.26
48.1368949,11.5765285,520.312
48.1368985,11.5765306,520.332
48.1369022,11.5765264,520.322
48.1369058,11.5765264,520.318
48.1369094,11.5765314,520.323
48.136913,11.5765249,520.294
48.1369167,11.5765274,520.405
48.1369203,11.5765286,520.338
48.1369239,11.5765288,520.393
48.1369275,11.576528,520.416
48.1369312,11.5765296,520.382
48.1369348,11.5765304,520.444
48.1369384,11.5765305,520.448
48.136942,11.5765258,520.48
48.1369457,11.5765277,520.43
48.1369493,11.5765317,520.425
48.1369529,11.5765309,520.459
48.1369565,11.5765248,520.481
48.1369601,11.5765295,520.497
48.1369638,11.5765232,520.484
48.1369674,11.5765286,520.461
48.136971,11.5765336,520.554
48.1369746,11.5765259,520.596
48.1369783,11.5765263,520.564
48.1369819,11.5765306,520.588
48.1369855,11.5765243,520.587
48.1369891,11.5765268,520.599
48.1369928,11.5765301,520.633
48.1369964,11.5765268,520.623
48.137,11.5765279,520.616
48.1370036,11.5765305,520.619
48.1370073,11.5765296,520.645
48.1370109,11.5765292,520.674
48.1370145,11.5765276,520.664
48.1370181,11.5765295,520.698
48.1370217,11.5765282,520.712
48.1370254,11.5765297,520.739
48.137029,11.5765272,520.759
48.1370326,11.576528,520.737
48.1370362,11.5765258,520.703
48.1370399,11.5765284,520.749
48.1370435,11.5765263,520.769
48.1370471,11.5765255,520.723
48.1370507,11.5765292,520.839
48.1370544,11.5765291,520.813
48.137058,11.5765306,520.835
48.1370616,11.5765273,520.871
48.1370652,11.5765296,520.827
48.1370688,11.57653,520.876
48.1370725,11.5765297,520.867
48.1370761,11.5765263,520.87
48.1370797,11.5765289,520.87
48.1370833,11.5765295,520.956
48.137087,11.5765285,520.905
48.1370906,11.5765229,520.937
48.1370942,11.5765289,520.883
48.1370978,11.5765345,520.997
48.1371015,11.5765275,520.988
48.1371051,11.5765265,520.965
48.1371087,11.5765295,520.969
48.1371123,11.5765293,520.992
48.137116,11.5765317,521.058
48.1371196,11.5765251,520.915
48.1371232,11.5765305,521.006
48.1371268,11.5765301,520.948
48.1371304,11.5765281,520.959
48.1371341,11.5765294,520.947
48.1371377,11.5765313,520.94
48.1371413,11.5765309,520.942
48.1371449,11.5765254,520.885
48.1371486,11.5765307,520.966
48.1371522,11.5765283,520.881
48.1371558,11.5765287,520.963
48.1371594,11.5765287,520.956
48.1371631,11.5765281,520.954
48.1371667,11.5765317,521.025
48.1371703,11.5765283,521.004
48.1371739,11.5765255,521.085
48.1371776,11.5765274,521.075
48.1371812,11.576529,521.164
48.1371848,11.5765318,521.154
48.1371884,11.5765301,521.196
48.137192,11.5765262,521.24
48.1371957,11.5765352,521.239
48.1371993,11.5765292,521.274
48.1372029,11.5765319,521.252
48.1372065,11.5765281,521.327
48.1372102,11.5765299,521.379
48.1372138,11.5765308,521.425
48.1372174,11.5765318,521.359
48.137221,11.5765314,521.392
48.1372247,11.5765309,521.326
48.1372283,11.5765277,521.431
48.1372319,11.576527,521.42
48.1372355,11.5765294,521.399
48.1372392,11.576531,521.466
48.1372428,11.5765279,521.427
48.1372464,11.5765314,521.44
48.13725,11.5765324,521.482
48.1372536,11.576526,521.436
48.1372573,11.5765262,521.511
48.1372609,11.5765281,521.464
48.1372645,11.5765293,521.479
48.1372681,11.5765271,521.491
48.1372718,11.5765322,521.562
48.1372754,11.5765296,521.528
48.137279,11.5765286,521.517
48.1372826,11.5765246,521.543
48.1372863,11.576525,521.573
48.1372899,11.5765293,521.559
48.1372935,11.5765228,521.559
48.1372971,11.5765312,521.686
48.1373007,11.5765281,521.603
48.1373044,11.5765373,521.648
48.137308,11.5765347,521.654
48.1373116,11.576528,521.652
48.1373152,11.5765282,521.696
48.1373189,11.5765312,521.723
48.1373225,11.5765331,521.701
48.1373261,11.5765241,521.668
48.1373297,11.5765237,521.755
48.1373334,11.5765268,521.732
48.137337,11.5765301,521.805
48.1373406,11.5765298,521.697
48.1373442,11.5765314,521.786
48.1373479,11.5765253,521.838
48.1373515,11.5765223,521.776
48.1373551,11.5765308,521.808
48.1373587,11.5765263,521.827
48.1373623,11.5765231,521.807
48.137366,11.5765289,521.838
48.1373696,11.5765306,521.853
48.1373732,11.5765282,521.851
48.1373768,11.5765273,521.917
48.1373805,11.5765281,521.908
48.1373841,11.5765275,521.913
48.1373877,11.5765249,521.936
48.1373913,11.5765266,521.92
48.137395,11.5765299,521.923
48.1373986,11.5765294,521.939
48.1374022,11.576529,521.968
48.1374058,11.5765258,521.943
48.1374095,11.576528,521.976
48.1374131,11.5765226,521.977
48.1374167,11.576529,522.081
48.1374203,11.5765324,521.952
48.1374239,11.5765245,522.027
